week,game_id,play_id,player_name,possession_team,defensive_team,pass_result,pass_length,route_of_targeted_receiver,game_clock,down,num_collision,collision_risk_score
1,2023090700,1494,Marvin Jones,DET,KC,I,24,IN,03:06,2,2,62.19846688359792
1,2023090700,2364,Kadarius Toney,KC,DET,IN,4,CROSS,11:04,3,2,83.33325656023837
1,2023090700,3461,Josh Reynolds,DET,KC,C,18,IN,10:46,3,2,42.36859229677462
1,2023090700,4041,Justin Watson,KC,DET,I,25,CORNER,02:09,4,2,83.33237465449076
1,2023090700,713,Noah Gray,KC,DET,I,4,OUT,02:11,2,2,83.33332687127677
1,2023090700,877,Marquez Valdes-Scantling,KC,DET,C,13,HITCH,14:25,2,2,78.4624642346431
1,2023091000,1720,Jonathan Mingo,CAR,ATL,I,11,HITCH,01:44,2,2,83.33330662567597
1,2023091000,1743,Jonathan Mingo,CAR,ATL,I,16,IN,01:39,3,2,68.85051861860076
1,2023091000,2207,Kyle Pitts,ATL,CAR,I,15,CROSS,10:24,2,2,83.21174988113975
1,2023091000,2823,Tyler Allgeier,ATL,CAR,C,8,OUT,00:55,1,2,74.1410643024025
1,2023091000,3369,Jonathan Mingo,CAR,ATL,I,43,GO,08:16,1,2,83.33332538665611
1,2023091001,3216,Robert Woods,HOU,BAL,I,17,IN,01:51,3,2,78.9562197509471
1,2023091001,4239,Tank Dell,HOU,BAL,C,13,HITCH,03:39,3,2,83.33284544289357
1,2023091001,4322,Robert Woods,HOU,BAL,I,5,IN,02:55,1,2,82.89281664474338
1,2023091001,4564,Xavier Hutchinson,HOU,BAL,C,7,IN,00:53,2,2,47.098217251396605
1,2023091002,3314,Tee Higgins,CIN,CLE,I,16,GO,00:26,2,2,83.24136689494591
1,2023091002,3571,Tee Higgins,CIN,CLE,I,7,HITCH,11:29,1,2,83.33323357477424
1,2023091003,143,Zay Jones,JAX,IND,I,6,HITCH,13:35,1,2,82.33887382525978
1,2023091003,1706,Zay Jones,JAX,IND,C,18,GO,05:02,2,2,80.52136204947782
1,2023091003,2608,Evan Engram,JAX,IND,C,23,GO,10:17,2,2,83.26603754661731
1,2023091003,3998,Mo Alie-Cox,IND,JAX,IN,19,CORNER,05:09,2,2,70.39600378048293
1,2023091003,410,Calvin Ridley,JAX,IND,C,24,GO,08:32,1,2,83.33281845109754
1,2023091004,1190,Justin Jefferson,MIN,TB,C,16,POST,14:08,1,2,82.98707746957143
1,2023091004,3244,Alexander Mattison,MIN,TB,I,9,FLAT,15:00,1,2,76.20832532778064
1,2023091004,3641,K.J. Osborn,MIN,TB,I,12,HITCH,10:08,3,2,83.33333330308994
1,2023091004,695,Mike Evans,TB,MIN,I,39,GO,06:29,3,2,83.18992876197373
1,2023091005,1016,Chris Olave,NO,TEN,I,29,CORNER,01:36,3,2,79.23474854114824
1,2023091005,159,Chig Okonkwo,TEN,NO,I,7,HITCH,14:56,1,2,52.17414008734372
1,2023091005,1721,DeAndre Hopkins,TEN,NO,I,17,IN,07:37,1,2,81.91182878934274
1,2023091005,2283,Juwan Johnson,NO,TEN,IN,19,POST,00:37,3,2,78.81433591177499
1,2023091005,2440,Chris Moore,TEN,NO,IN,46,CORNER,13:06,1,2,71.13141008322306
1,2023091005,301,Michael Thomas,NO,TEN,C,25,GO,13:35,1,2,83.30990585223282
1,2023091005,3067,DeAndre Hopkins,TEN,NO,IN,17,GO,03:14,3,2,82.91327235520187
1,2023091005,793,Tyjae Spears,TEN,NO,I,15,GO,04:34,1,2,82.78410127826618
1,2023091006,2188,George Pickens,PIT,SF,I,45,POST,01:31,2,2,83.21828789062008
1,2023091006,2380,Diontae Johnson,PIT,SF,I,8,SLANT,00:42,3,2,82.41815607216749
1,2023091006,2861,Brandon Aiyuk,SF,PIT,C,16,POST,12:00,1,2,83.19936632279517
1,2023091006,3472,Pat Freiermuth,PIT,SF,I,8,POST,02:06,4,3,100
1,2023091006,3779,Calvin Austin III,PIT,SF,C,13,HITCH,11:58,1,2,83.28733549448664
1,2023091006,3881,Connor Heyward,PIT,SF,IN,22,POST,10:23,1,2,81.79111583694325
1,2023091006,4163,Jaylen Warren,PIT,SF,I,1,FLAT,05:30,1,2,83.3333304481131
1,2023091006,4340,Allen Robinson,PIT,SF,C,18,HITCH,03:09,3,3,96.39474829797888
1,2023091006,575,Jauan Jennings,SF,PIT,I,13,IN,05:36,2,2,82.89948575525474
1,2023091006,598,George Kittle,SF,PIT,C,2,OUT,05:32,3,2,78.06560242630243
1,2023091007,1167,Zach Ertz,ARI,WAS,C,3,HITCH,14:46,1,2,83.1082036598525
1,2023091007,1620,Terry McLaurin,WAS,ARI,C,5,HITCH,06:17,1,2,66.3817113077539
1,2023091007,2013,Terry McLaurin,WAS,ARI,I,7,HITCH,01:09,1,2,83.32160772078036
1,2023091007,2036,Logan Thomas,WAS,ARI,I,6,SLANT,01:05,2,2,83.33333327295306
1,2023091007,2135,Curtis Samuel,WAS,ARI,C,14,OUT,00:49,1,2,83.0090619755332
1,2023091007,3542,James Conner,ARI,WAS,C,-2,FLAT,11:14,2,2,82.1596782196073
1,2023091007,77,Jahan Dotson,WAS,ARI,C,6,HITCH,14:30,2,2,43.18951845194363
1,2023091008,1601,Samori Toure,GB,CHI,C,13,IN,04:42,3,2,83.1287986127371
1,2023091008,3377,Darnell Mooney,CHI,GB,IN,13,IN,12:53,3,2,81.5387248032156
1,2023091008,840,Malik Heath,GB,CHI,I,11,IN,02:04,1,2,83.333332421323007
1,2023091009,1507,Davante Adams,LV,DEN,C,3,HITCH,04:10,2,2,65.80342966310184
1,2023091009,3587,Courtland Sutton,DEN,LV,I,10,HITCH,05:55,2,2,82.13067661063708
1,2023091009,797,Lil'Jordan Humphrey,DEN,LV,C,5,IN,00:50,2,2,83.05480881176885
1,2023091010,1558,Durham Smythe,MIA,LAC,I,11,POST,08:20,3,2,73.66477371918965
1,2023091010,1858,Tyreek Hill,MIA,LAC,I,18,CORNER,03:14,3,2,81.7410436055893
1,2023091010,3198,Tyreek Hill,MIA,LAC,C,34,GO,02:18,1,2,83.19274524082181
1,2023091010,4076,Austin Ekeler,LAC,MIA,I,20,WHEEL,06:41,2,2,82.87414024156173
1,2023091010,4473,River Cracraft,MIA,LAC,C,13,POST,02:18,2,2,83.24687573351906
1,2023091010,630,River Cracraft,MIA,LAC,C,12,POST,04:33,2,2,70.91867080460254
1,2023091010,997,Joshua Kelley,LAC,MIA,I,5,OUT,15:00,3,2,83.33333333333333
1,2023091011,2388,Kayshon Boutte,NE,PHI,I,20,GO,14:04,3,2,83.24417392746862
1,2023091011,3262,A.J. Brown,PHI,NE,I,46,GO,15:00,1,2,75.54137810332571
1,2023091011,3683,A.J. Brown,PHI,NE,I,48,IN,09:32,1,2,83.2443729074716
1,2023091011,4270,Kendrick Bourne,NE,PHI,I,19,IN,02:29,3,2,82.18822020343151
1,2023091011,515,Hunter Henry,NE,PHI,C,8,IN,07:04,2,4,100
1,2023091011,637,Kendrick Bourne,NE,PHI,IN,12,HITCH,05:12,3,2,80.24427143220305
1,2023091011,952,JuJu Smith-Schuster,NE,PHI,I,3,OUT,02:08,2,2,82.29797449352935
1,2023091012,1455,Will Dissly,SEA,LA,C,5,HITCH,07:04,1,2,83.27899352158035
1,2023091012,2002,Tutu Atwell,LA,SEA,C,11,SLANT,00:22,3,2,68.91019016434512
1,2023091012,652,Puka Nacua,LA,SEA,C,9,HITCH,03:40,2,2,81.28586982177036
1,2023091013,1072,Jake Ferguson,DAL,NYG,I,13,CORNER,14:50,1,2,83.03760156295067
1,2023091013,1943,Michael Gallup,DAL,NYG,I,28,GO,01:05,1,2,83.17569919235297
1,2023091013,2292,Peyton Hendershot,DAL,NYG,I,17,GO,11:31,2,2,79.95163813644307
1,2023091013,3047,Isaiah Hodgins,NYG,DAL,I,9,HITCH,00:02,4,2,82.73419409608192
1,2023091100,1216,James Cook,BUF,NYJ,I,5,ANGLE,09:21,1,2,81.63471942960143
1,2023091100,1551,Randall Cobb,NYJ,BUF,IN,10,POST,03:17,1,2,82.40676752706764
1,2023091100,3618,Stefon Diggs,BUF,NYJ,C,15,HITCH,01:00,1,2,83.15616334839189
2,2023091400,2500,Justin Jefferson,MIN,PHI,I,7,IN,09:23,2,2,83.31172816670306
2,2023091400,2793,Justin Jefferson,MIN,PHI,I,5,CROSS,05:36,3,2,82.28415032179845
2,2023091400,3072,A.J. Brown,PHI,MIN,I,7,HITCH,15:00,1,2,83.32329212884551
2,2023091400,3117,DeVonta Smith,PHI,MIN,C,8,HITCH,14:13,3,2,64.41636535449362
2,2023091400,685,DeVonta Smith,PHI,MIN,IN,21,IN,03:04,3,2,83.33310719582329
2,2023091400,953,K.J. Osborn,MIN,PHI,C,6,SLANT,14:23,3,2,76.87723375836958
2,2023091700,111,Luke Musgrave,GB,ATL,I,17,CROSS,14:09,2,2,79.53366833510248
2,2023091700,1809,Mack Hollins,ATL,GB,C,8,SLANT,01:54,1,2,83.00332541064974
2,2023091700,2147,Drake London,ATL,GB,I,15,CROSS,14:53,1,2,62.22424535046975
2,2023091700,3373,Malik Heath,GB,ATL,I,4,HITCH,11:07,3,2,79.50047135075968
2,2023091700,3781,Drake London,ATL,GB,C,20,CORNER,06:07,1,2,74.31167486909072
2,2023091701,1105,Tre Tucker,LV,BUF,I,42,GO,12:10,1,2,82.11064604167314
2,2023091701,2465,Gabe Davis,BUF,LV,C,2,HITCH,06:06,4,3,95.11749066429232
2,2023091701,3025,Davante Adams,LV,BUF,I,17,GO,12:57,3,2,70.26416250425565
2,2023091702,164,Mark Andrews,BAL,CIN,C,7,HITCH,12:27,3,2,83.33082759248707
2,2023091702,1736,Ja'Marr Chase,CIN,BAL,I,9,GO,03:09,3,2,81.13746259351099
2,2023091702,2483,Tee Higgins,CIN,BAL,IN,15,POST,10:48,2,2,79.37336087715181
2,2023091702,2515,Zay Flowers,BAL,CIN,C,48,GO,10:39,1,2,72.7368344111187
2,2023091702,663,Nelson Agholor,BAL,CIN,I,41,GO,03:36,1,2,77.63378295395901
2,2023091703,1008,Jahmyr Gibbs,DET,SEA,C,4,ANGLE,13:56,3,2,82.81328985815722
2,2023091703,2062,Amon-Ra St. Brown,DET,SEA,C,34,GO,00:02,1,2,80.25069956367001
2,2023091703,210,DK Metcalf,SEA,DET,C,14,HITCH,11:45,1,2,81.45283679123484
2,2023091703,3185,Will Dissly,SEA,DET,C,0,CROSS,15:00,2,2,83.33331917925982
2,2023091704,1127,Michael Pittman,IND,HOU,I,10,IN,15:00,2,2,83.33333333286244
2,2023091704,1309,Dalton Schultz,HOU,IND,I,16,CROSS,12:59,2,2,59.269156071481675
2,2023091704,1584,Nico Collins,HOU,IND,C,20,IN,09:43,1,2,79.55922276517336
2,2023091704,2084,Will Mallory,IND,HOU,C,6,HITCH,01:12,3,2,79.92990676942864
2,2023091704,4327,Xavier Hutchinson,HOU,IND,I,13,HITCH,00:57,1,2,82.4900171354635
2,2023091705,2380,Travis Kelce,KC,JAX,I,6,IN,13:39,2,2,83.31716811223411
2,2023091705,2780,Isiah Pacheco,KC,JAX,I,4,OUT,06:51,1,2,81.2731809783173
2,2023091705,3477,Justin Watson,KC,JAX,C,14,GO,13:43,1,2,83.19801377122427
2,2023091706,1433,Chase Claypool,CHI,TB,C,5,HITCH,06:11,2,2,83.33205060473801
2,2023091706,1882,Chris Godwin Jr.,TB,CHI,I,23,GO,00:26,1,2,83.32823634832715
2,2023091706,676,Chris Godwin Jr.,TB,CHI,C,20,IN,03:40,2,2,82.80286742864274
2,2023091707,1413,Treylon Burks,TEN,LAC,C,55,GO,08:16,1,2,81.328718661123
2,2023091707,4001,Mike Williams,LAC,TEN,I,22,GO,10:00,1,2,82.27177521563893
2,2023091707,577,Keenan Allen,LAC,TEN,I,3,CROSS,04:35,1,2,70.10529648558062
2,2023091707,90,Quentin Johnston,LAC,TEN,C,7,HITCH,14:54,2,2,83.33333329440622
2,2023091708,1168,Saquon Barkley,NYG,ARI,C,-4,ANGLE,14:41,3,2,72.3754850866518
2,2023091708,1628,Darren Waller,NYG,ARI,C,12,IN,06:46,3,2,83.24463038021418
2,2023091708,264,Isaiah Hodgins,NYG,ARI,C,5,SLANT,12:12,1,2,83.3226302623398
2,2023091708,3082,Marquise Brown,ARI,NYG,I,6,SLANT,15:00,2,2,83.33193684847629
2,2023091708,3384,Parris Campbell,NYG,ARI,C,6,IN,10:18,3,2,82.03115261028186
2,2023091708,402,Zach Ertz,ARI,NYG,C,6,HITCH,10:24,1,2,66.0619007808757
2,2023091708,494,Michael Wilson,ARI,NYG,C,20,OUT,08:24,3,2,82.86643621796223
2,2023091709,102,Christian McCaffrey,SF,LA,C,9,HITCH,13:38,1,3,100
2,2023091709,1228,George Kittle,SF,LA,C,7,SLANT,09:49,1,2,81.61364380168632
2,2023091709,1302,Brandon Aiyuk,SF,LA,I,33,GO,07:57,2,2,79.45241734220117
2,2023091709,1524,Tutu Atwell,LA,SF,C,18,CORNER,04:22,1,2,82.03601532698269
2,2023091709,2854,Tutu Atwell,LA,SF,I,25,OUT,01:21,1,2,82.24887437010743
2,2023091709,2993,Deebo Samuel Sr.,SF,LA,C,16,IN,15:00,2,2,83.32863034063769
2,2023091709,3207,Puka Nacua,LA,SF,C,5,HITCH,11:02,1,2,83.33140353219903
2,2023091709,4269,Van Jefferson,LA,SF,C,10,HITCH,01:19,1,2,78.70294882865245
2,2023091709,4342,Van Jefferson,LA,SF,I,45,POST,00:49,1,2,82.4690193714351
2,2023091710,1345,Jalen Tolbert,DAL,NYJ,I,43,GO,07:40,3,3,100
2,2023091710,172,CeeDee Lamb,DAL,NYJ,C,23,GO,12:31,1,2,76.26667835851218
2,2023091710,2849,Tony Pollard,DAL,NYJ,I,2,FLAT,05:28,3,2,83.33332403050548
2,2023091710,3659,Garrett Wilson,NYJ,DAL,I,29,GO,08:18,1,2,83.33329817737165
2,2023091710,3860,Garrett Wilson,NYJ,DAL,IN,44,GO,06:10,2,2,81.19828758820401
2,2023091710,4021,Allen Lazard,NYJ,DAL,I,27,HITCH,03:26,2,2,83.24324164425768
2,2023091710,4103,Michael Carter,NYJ,DAL,IN,2,OUT,03:07,1,2,80.82474864416628
2,2023091711,2647,Jerry Jeudy,DEN,WAS,I,26,CORNER,10:41,1,2,82.47633421061849
2,2023091711,3920,Courtland Sutton,DEN,WAS,I,8,OUT,05:51,1,3,100
2,2023091711,4627,Brandon Johnson,DEN,WAS,C,46,GO,00:03,1,2,79.50400333233962
2,2023091711,855,Marvin Mims Jr.,DEN,WAS,C,46,POST,00:20,1,2,81.16985371385593
2,2023091712,2078,Braxton Berrios,MIA,NE,C,15,GO,00:31,1,2,81.7584090278528
2,2023091712,2480,DeVante Parker,NE,MIA,C,-2,SCREEN,11:53,1,2,52.29439947708593
2,2023091712,3331,JuJu Smith-Schuster,NE,MIA,C,12,HITCH,14:00,1,2,83.27342499403673
2,2023091800,1236,Michael Thomas,NO,CAR,C,6,SLANT,12:27,2,2,75.2348096944734
2,2023091800,1363,Michael Thomas,NO,CAR,C,19,GO,10:55,3,2,83.22720922652536
2,2023091800,1854,Jonathan Mingo,CAR,NO,I,14,IN,04:18,3,2,62.73585616422413
2,2023091800,1945,Chris Olave,NO,CAR,IN,21,CROSS,03:16,3,2,71.39218435374548
2,2023091800,2098,Chris Olave,NO,CAR,C,4,HITCH,01:41,1,2,78.35501365648884
2,2023091800,2700,Jonathan Mingo,CAR,NO,I,13,POST,09:45,2,2,83.33332960068415
2,2023091800,523,Keith Kirkwood,NO,CAR,I,10,CROSS,07:00,1,2,71.82014641530695
2,2023091801,1640,George Pickens,PIT,CLE,I,12,IN,09:18,3,2,80.11516596243787
2,2023091801,2139,George Pickens,PIT,CLE,I,10,SLANT,03:03,2,2,83.2456714066858
2,2023091801,3131,Donovan Peoples-Jones,CLE,PIT,I,5,OUT,06:38,1,2,83.30807308599482
3,2023092100,1441,Matt Breida,NYG,SF,C,4,ANGLE,07:41,2,2,80.93326400083704
3,2023092100,3957,Darren Waller,NYG,SF,IN,12,SLANT,03:48,3,2,66.06156433491743
3,2023092400,2505,Mark Andrews,BAL,IND,I,7,IN,07:55,3,2,83.3333333332931
3,2023092400,3110,Josh Downs,IND,BAL,C,3,HITCH,14:18,2,2,83.32267521478481
3,2023092400,3798,Kylen Granson,IND,BAL,I,8,HITCH,02:14,1,2,77.74289296091607
3,2023092400,4615,Alec Pierce,IND,BAL,I,36,GO,08:43,3,2,83.32561459209724
3,2023092401,1781,Amari Cooper,CLE,TEN,I,38,GO,02:04,1,2,78.82942932096503
3,2023092401,1915,DeAndre Hopkins,TEN,CLE,I,28,GO,01:00,1,2,82.99670897267234
3,2023092401,2005,DeAndre Hopkins,TEN,CLE,C,24,GO,00:50,3,2,82.727328601687
3,2023092401,2414,Treylon Burks,TEN,CLE,I,45,POST,11:43,3,2,83.25470240341525
3,2023092402,1271,Kyle Pitts,ATL,DET,I,9,OUT,10:05,1,2,82.2634505635347
3,2023092402,1713,Amon-Ra St. Brown,DET,ATL,I,5,HITCH,02:00,3,2,83.00913908515547
3,2023092402,1909,Amon-Ra St. Brown,DET,ATL,C,20,CORNER,00:51,1,2,83.2044951116097
3,2023092402,4336,Jonnu Smith,ATL,DET,I,9,GO,02:10,1,2,68.25277378555606
3,2023092403,1919,Chris Olave,NO,GB,C,27,GO,00:36,1,2,81.03098778413785
3,2023092403,2220,Romeo Doubs,GB,NO,IN,41,GO,13:25,3,2,80.3816682916794
3,2023092403,2905,Romeo Doubs,GB,NO,C,30,GO,01:53,1,2,80.61278172077209
3,2023092403,3620,Romeo Doubs,GB,NO,I,13,GO,08:16,1,2,83.33322755285259
3,2023092403,4078,Jayden Reed,GB,NO,C,29,GO,04:13,2,2,80.1097420984624
3,2023092403,526,Keith Kirkwood,NO,GB,I,8,CORNER,06:48,2,2,82.82604857322006
3,2023092404,1096,Calvin Ridley,JAX,HOU,I,7,SLANT,12:48,2,2,75.70472342737156
3,2023092404,1947,Calvin Ridley,JAX,HOU,I,27,GO,01:18,2,2,82.40881226783374
3,2023092404,2110,Tank Dell,HOU,JAX,I,35,CORNER,00:32,1,2,68.44273955692942
3,2023092404,2178,Dalton Schultz,HOU,JAX,C,6,IN,00:27,2,2,73.00714466309654
3,2023092404,2841,Jamal Agnew,JAX,HOU,C,9,SLANT,07:57,3,2,83.26047911035008
3,2023092404,3122,Evan Engram,JAX,HOU,C,2,FLAT,03:12,1,2,83.32816412510549
3,2023092404,3183,Jamal Agnew,JAX,HOU,IN,11,IN,02:28,3,2,83.31609516806938
3,2023092404,3541,Evan Engram,JAX,HOU,C,4,HITCH,12:07,1,2,83.28572542061778
3,2023092404,3804,Christian Kirk,JAX,HOU,C,17,OUT,08:59,1,2,56.988594101608946
3,2023092404,733,Robert Woods,HOU,JAX,C,7,ANGLE,03:52,2,2,83.33325735766344
3,2023092405,1103,Tyreek Hill,MIA,DEN,C,3,CROSS,12:11,1,2,83.33333296496647
3,2023092405,210,Courtland Sutton,DEN,MIA,I,28,GO,12:22,3,2,83.07770779239564
3,2023092405,2226,Marvin Mims Jr.,DEN,MIA,I,36,GO,00:43,1,2,70.67074962527875
3,2023092405,2672,Tyreek Hill,MIA,DEN,C,9,CROSS,11:03,3,2,83.04705666664624
3,2023092405,3916,Robbie Chosen,MIA,DEN,C,41,GO,09:17,3,2,83.32194891385888
3,2023092405,529,Jerry Jeudy,DEN,MIA,C,17,HITCH,06:31,1,2,79.94703851599287
3,2023092405,717,Chris Manhertz,DEN,MIA,I,12,IN,01:26,2,2,74.64997109250412
3,2023092405,752,Courtland Sutton,DEN,MIA,C,12,POST,01:21,3,2,82.44487553088237
3,2023092407,1430,JuJu Smith-Schuster,NE,NYJ,C,4,HITCH,08:51,3,2,65.92073337957474
3,2023092407,1836,Hunter Henry,NE,NYJ,I,6,HITCH,01:03,1,2,32.325692461125335
3,2023092407,243,Hunter Henry,NE,NYJ,C,6,OUT,11:30,2,2,50.345383478379155
3,2023092408,1724,Antonio Gibson,WAS,BUF,IN,0,FLAT,01:19,3,2,83.32609551873276
3,2023092408,1803,Deonte Harty,BUF,WAS,I,2,IN,00:36,1,2,83.33333331664699
3,2023092408,232,Dawson Knox,BUF,WAS,I,19,POST,10:23,1,2,80.3306865988032
3,2023092408,2918,Stefon Diggs,BUF,WAS,C,2,OUT,13:25,1,2,83.33333333280831
3,2023092408,3187,Cole Turner,WAS,BUF,C,4,SLANT,10:01,1,2,69.69276319773074
3,2023092408,546,Stefon Diggs,BUF,WAS,I,17,HITCH,04:39,1,2,83.32813220643824
3,2023092409,1390,Tyler Lockett,SEA,CAR,I,15,GO,08:58,2,2,83.3229303767961
3,2023092409,173,D.J. Chark,CAR,SEA,I,7,SLANT,12:48,2,2,82.1542035104829
3,2023092409,4081,D.J. Chark,CAR,SEA,I,30,GO,09:01,1,2,83.33324426940433
3,2023092409,697,DK Metcalf,SEA,CAR,I,28,GO,04:29,1,2,81.29616725489073
3,2023092409,967,Noah Fant,SEA,CAR,C,9,CROSS,00:46,1,3,93.3999356144223
3,2023092410,1603,Brandin Cooks,DAL,ARI,I,15,GO,05:45,1,2,82.36687071983378
3,2023092410,3039,Michael Gallup,DAL,ARI,C,25,GO,07:19,1,2,83.2542211403769
3,2023092410,3526,Brandin Cooks,DAL,ARI,I,5,HITCH,14:19,2,2,83.23180835871786
3,2023092410,4187,Michael Gallup,DAL,ARI,I,18,CORNER,05:25,2,2,83.20530719908919
3,2023092411,1730,Isiah Pacheco,KC,CHI,C,-3,FLAT,02:16,2,2,8.257035533008219
3,2023092411,2043,Chase Claypool,CHI,KC,I,43,GO,00:59,2,2,83.33333333282727
3,2023092411,2244,Noah Gray,KC,CHI,I,6,SLANT,00:11,1,2,83.3296473127768
3,2023092411,3820,DJ Moore,CHI,KC,C,8,SLANT,04:23,3,2,83.33324480337781
3,2023092411,631,DJ Moore,CHI,KC,I,32,CORNER,06:17,2,2,83.08148210270502
3,2023092412,1234,Michael Mayer,LV,PIT,IN,12,IN,12:27,2,2,83.33333325755757
3,2023092412,1737,Allen Robinson,PIT,LV,C,4,HITCH,05:21,1,2,83.33309752670257
3,2023092412,2254,Allen Robinson,PIT,LV,C,8,HITCH,13:57,1,2,80.49016459864423
3,2023092412,2576,Jakobi Meyers,LV,PIT,IN,29,HITCH,07:25,2,2,83.33333333333333
3,2023092412,3653,Calvin Austin III,PIT,LV,I,6,OUT,05:41,1,2,80.78576624354216
3,2023092412,792,Jakobi Meyers,LV,PIT,C,13,POST,05:27,2,2,75.2313772536795
3,2023092500,1384,Mike Evans,TB,PHI,I,15,CORNER,08:43,3,2,83.32533556889821
3,2023092500,1463,Kenneth Gainwell,PHI,TB,C,2,ANGLE,08:29,1,2,64.18589829825666
3,2023092500,1654,Olamide Zaccheaus,PHI,TB,C,29,IN,03:41,3,2,83.33264786113469
3,2023092500,2658,Trey Palmer,TB,PHI,C,8,HITCH,08:34,2,3,100
3,2023092501,1398,Tee Higgins,CIN,LA,I,6,IN,09:16,2,2,77.37039341701842
3,2023092501,1916,Tee Higgins,CIN,LA,I,24,GO,02:36,2,2,83.17374959335382
3,2023092501,773,Tanner Hudson,CIN,LA,C,4,OUT,04:22,1,2,82.51427445186371
4,2023092800,3057,Jayden Reed,GB,DET,C,43,GO,00:01,1,2,83.33327305596279
4,2023092800,596,Josh Reynolds,DET,GB,I,17,OUT,07:10,1,2,81.97727592953528
4,2023092800,873,Romeo Doubs,GB,DET,I,22,IN,01:31,3,2,83.25022277232884
4,2023100100,1429,Drake London,ATL,JAX,IN,6,IN,04:42,1,2,80.68544438858996
4,2023100100,2735,Bijan Robinson,ATL,JAX,C,1,FLAT,03:37,3,2,83.33333333306241
4,2023100101,1676,Stefon Diggs,BUF,MIA,C,8,HITCH,06:20,2,2,74.56946991085877
4,2023100101,2966,Deonte Harty,BUF,MIA,C,4,OUT,03:46,3,2,81.1418616343102
4,2023100101,374,Jaylen Waddle,MIA,BUF,C,11,SLANT,08:33,2,2,72.9008408068558
4,2023100102,3054,Terrace Marshall Jr.,CAR,MIN,C,4,HITCH,13:38,2,2,82.21950333778497
4,2023100102,3330,Justin Jefferson,MIN,CAR,I,26,GO,07:36,3,2,83.01319798006833
4,2023100103,1023,DJ Moore,CHI,DEN,C,14,CROSS,13:00,1,2,82.75377181369352
4,2023100103,148,DJ Moore,CHI,DEN,C,12,IN,12:18,3,3,100
4,2023100103,1560,Courtland Sutton,DEN,CHI,C,6,SLANT,06:08,1,2,82.53418311888944
4,2023100103,2244,DJ Moore,CHI,DEN,C,9,SLANT,10:07,3,2,80.63733273586583
4,2023100103,250,Jerry Jeudy,DEN,CHI,C,6,SLANT,10:02,1,2,83.33333333333333
4,2023100103,3923,DJ Moore,CHI,DEN,I,12,IN,01:18,2,2,82.27001481761381
4,2023100104,2133,Melvin Gordon,BAL,CLE,C,13,WHEEL,01:26,3,2,83.22522149817515
4,2023100104,2229,Zay Flowers,BAL,CLE,C,43,POST,00:36,2,2,83.32213751933536
4,2023100104,2457,Jerome Ford,CLE,BAL,C,4,ANGLE,15:00,1,2,78.79841827245869
4,2023100104,2527,Amari Cooper,CLE,BAL,I,11,IN,13:14,2,2,83.2716158919409
4,2023100104,2937,Elijah Moore,CLE,BAL,C,13,HITCH,07:05,2,2,82.83080219341737
4,2023100104,341,Donovan Peoples-Jones,CLE,BAL,I,5,POST,09:55,2,2,81.75429214385292
4,2023100104,3782,Donovan Peoples-Jones,CLE,BAL,I,11,HITCH,09:55,1,2,83.32797953054836
4,2023100104,590,Amari Cooper,CLE,BAL,I,37,POST,07:06,2,2,65.81122663194948
4,2023100105,1318,George Pickens,PIT,HOU,I,10,IN,10:51,3,2,83.33323040602252
4,2023100105,2526,Nico Collins,HOU,PIT,I,7,SLANT,08:58,2,2,83.3333333315679
4,2023100105,2664,Najee Harris,PIT,HOU,C,11,ANGLE,07:17,3,2,83.22034322424072
4,2023100105,2744,Allen Robinson,PIT,HOU,I,4,HITCH,05:54,3,2,59.840529357904906
4,2023100105,3024,Najee Harris,PIT,HOU,I,17,OUT,02:06,2,2,75.08625030828048
4,2023100105,3047,George Pickens,PIT,HOU,C,14,HITCH,01:58,3,2,82.80192414321374
4,2023100105,3433,George Pickens,PIT,HOU,I,17,GO,10:20,2,2,83.28476461555664
4,2023100105,3456,George Pickens,PIT,HOU,I,5,SLANT,10:15,3,2,83.06073383800778
4,2023100105,524,Pat Freiermuth,PIT,HOU,I,11,OUT,08:19,2,2,81.75394034820542
4,2023100105,830,Tank Dell,HOU,PIT,I,15,HITCH,02:16,1,2,83.317070753461
4,2023100106,1596,Josh Downs,IND,LA,C,26,POST,03:59,2,2,83.30658349152583
4,2023100106,233,Puka Nacua,LA,IND,C,5,SLANT,12:01,3,2,78.16805721063294
4,2023100106,2639,Tutu Atwell,LA,IND,IN,17,CROSS,05:23,2,2,83.2235691601086
4,2023100106,2926,Tyler Higbee,LA,IND,I,17,GO,01:53,2,2,83.33267250493603
4,2023100106,4138,Kylen Granson,IND,LA,I,24,GO,01:24,3,2,81.47321505672244
4,2023100106,835,Josh Downs,IND,LA,C,4,SLANT,03:03,1,2,83.28886734031782
4,2023100107,1936,Mike Evans,TB,NO,C,4,HITCH,02:00,1,2,83.33333333000985
4,2023100107,2127,Chris Godwin Jr.,TB,NO,IN,20,GO,00:46,2,2,82.51458529241641
4,2023100107,3522,Rashid Shaheed,NO,TB,I,28,GO,11:33,1,2,82.87707714392663
4,2023100108,102,Terry McLaurin,WAS,PHI,C,14,GO,13:46,1,2,83.32913754389473
4,2023100108,179,Jahan Dotson,WAS,PHI,I,9,GO,11:57,1,2,83.28030564005607
4,2023100108,1972,DeVonta Smith,PHI,WAS,C,37,POST,00:44,1,2,80.05566826022618
4,2023100109,1979,Tyler Boyd,CIN,TEN,I,30,GO,01:32,3,2,83.31739221102144
4,2023100109,3469,Colton Dowell,TEN,CIN,IN,37,POST,10:39,2,2,81.84460497624548
4,2023100109,787,Tee Higgins,CIN,TEN,I,13,HITCH,00:39,1,2,83.30058379245273
4,2023100110,107,Stone Smartt,LAC,LV,I,16,GO,14:04,1,2,82.61321999345583
4,2023100110,1209,Quentin Johnston,LAC,LV,I,7,GO,11:36,1,2,83.17482061180014
4,2023100110,1252,Donald Parham,LAC,LV,I,15,GO,10:50,3,3,100
4,2023100110,1945,Hunter Renfrow,LV,LAC,I,24,POST,02:20,3,2,82.84628435764128
4,2023100110,2435,Quentin Johnston,LAC,LV,I,28,GO,11:38,2,2,83.1047529058772
4,2023100110,3122,Davante Adams,LV,LAC,I,39,POST,00:09,1,2,69.76500485918602
4,2023100110,3667,Davante Adams,LV,LAC,I,5,SLANT,07:00,1,2,83.33333330143962
4,2023100110,3936,Keenan Allen,LAC,LV,I,47,SLANT,03:54,2,2,82.110529559980165
4,2023100110,4042,Davante Adams,LV,LAC,I,7,HITCH,03:00,1,2,82.93013670853348
4,2023100110,599,Josh Jacobs,LV,LAC,C,4,ANGLE,05:30,1,2,79.60957813028915
4,2023100111,1007,JuJu Smith-Schuster,NE,DAL,C,14,HITCH,14:19,3,2,75.62431454600548
4,2023100111,1341,DeVante Parker,NE,DAL,I,2,CROSS,09:48,3,2,83.33333313577299
4,2023100111,1865,Kendrick Bourne,NE,DAL,IN,2,HITCH,01:07,2,2,79.60428425712354
4,2023100111,2025,Jake Ferguson,DAL,NE,C,12,OUT,00:16,1,2,64.82284446247601
4,2023100111,3706,DeVante Parker,NE,DAL,C,20,GO,06:07,2,2,83.33327682054835
4,2023100112,1183,Marquise Brown,ARI,SF,I,10,IN,12:12,2,2,83.33333327550922
4,2023100112,1253,Marquise Brown,ARI,SF,I,33,POST,11:03,1,3,100
4,2023100112,1523,Brandon Aiyuk,SF,ARI,C,39,POST,07:43,1,2,65.76215944253016
4,2023100112,1734,Rondale Moore,ARI,SF,I,4,IN,03:48,3,2,82.94352396990544
4,2023100112,1940,Marquise Brown,ARI,SF,I,37,GO,00:42,2,2,67.95476097662426
4,2023100112,3439,Brandon Aiyuk,SF,ARI,C,20,GO,06:08,3,2,83.31072753858791
4,2023100112,55,Marquise Brown,ARI,SF,C,5,HITCH,15:00,1,2,63.56574261090463
4,2023100113,1236,Allen Lazard,NYJ,KC,C,39,GO,11:57,1,2,81.70988445962783
4,2023100113,1751,Travis Kelce,KC,NYJ,I,4,HITCH,04:30,1,2,83.32351918773024
4,2023100113,2580,Marquez Valdes-Scantling,KC,NYJ,I,45,POST,09:13,3,2,83.30310249136568
4,2023100113,3402,Rashee Rice,KC,NYJ,C,5,CROSS,11:36,3,2,74.5330021657437
4,2023100200,3123,Parris Campbell,NYG,SEA,IN,2,HITCH,01:19,2,2,82.17551403932724
5,2023100500,1226,Dyami Brown,WAS,CHI,I,39,GO,09:34,1,2,83.0980414685066
5,2023100500,2501,Logan Thomas,WAS,CHI,C,4,HITCH,09:32,1,2,82.33953835095197
5,2023100500,3302,Logan Thomas,WAS,CHI,I,35,GO,12:09,2,2,81.74010322343528
5,2023100500,3325,Dyami Brown,WAS,CHI,C,4,HITCH,12:03,3,2,51.51278024876984
5,2023100500,964,DJ Moore,CHI,WAS,C,11,GO,14:20,3,2,82.45609401258793
5,2023100800,1516,Gabe Davis,BUF,JAX,C,9,HITCH,09:53,1,2,83.32370591171193
5,2023100800,1744,Stefon Diggs,BUF,JAX,I,14,GO,05:44,1,2,82.08169776719689
5,2023100800,1933,Stefon Diggs,BUF,JAX,C,5,SLANT,02:00,1,2,82.91544342942998
5,2023100800,2157,Calvin Ridley,JAX,BUF,C,14,GO,00:44,1,2,83.28948322039803
5,2023100800,2389,Gabe Davis,BUF,JAX,I,5,SLANT,13:55,2,2,59.64769149688858
5,2023100800,2934,Calvin Ridley,JAX,BUF,C,14,HITCH,07:12,3,2,73.24429029880541
5,2023100800,4478,Deonte Harty,BUF,JAX,C,43,GO,02:56,1,2,81.37945161017703
5,2023100801,1831,Kyle Pitts,ATL,HOU,I,17,GO,02:31,1,2,83.32725510236742
5,2023100801,2493,Nico Collins,HOU,ATL,I,4,OUT,11:55,3,2,83.27329273209236
5,2023100801,3586,Drake London,ATL,HOU,C,30,GO,11:12,1,2,81.8540430372731
5,2023100801,3667,Jonnu Smith,ATL,HOU,C,-3,FLAT,09:06,2,2,83.33333332736697
5,2023100801,3774,Drake London,ATL,HOU,I,14,GO,07:04,3,2,81.51183855760628
5,2023100801,674,Mack Hollins,ATL,HOU,C,19,CROSS,04:32,1,3,100
5,2023100802,1311,Josh Reynolds,DET,CAR,I,14,GO,11:32,1,2,83.33165899586135
5,2023100802,1418,Sam LaPorta,DET,CAR,I,19,CORNER,10:17,3,2,79.568747241483507
5,2023100802,1793,Jonathan Mingo,CAR,DET,IN,19,OUT,03:43,1,2,82.20525257295674
5,2023100802,2355,David Montgomery,DET,CAR,I,4,ANGLE,12:28,1,2,8.41213543161657
5,2023100802,3001,Josh Reynolds,DET,CAR,C,5,CROSS,04:31,1,2,83.33323914185586
5,2023100804,1209,Darren Waller,NYG,MIA,I,23,GO,09:57,2,2,83.2777463937869
5,2023100804,3128,Jaylen Waddle,MIA,NYG,I,9,IN,12:54,3,2,83.32358102986453
5,2023100805,1311,DeVante Parker,NE,NO,I,20,GO,13:35,3,2,83.25084696120321
5,2023100805,1476,Chris Olave,NO,NE,C,5,HITCH,10:53,2,2,65.70718604442546
5,2023100805,2735,Rashid Shaheed,NO,NE,C,3,HITCH,09:12,2,2,83.27749623957305
5,2023100805,2836,JuJu Smith-Schuster,NE,NO,C,1,CROSS,07:18,2,2,83.33331926494229
5,2023100805,3774,Kendrick Bourne,NE,NO,I,27,IN,07:28,3,2,77.37020153715
5,2023100805,3974,Ty Montgomery,NE,NO,I,22,POST,05:43,1,3,100
5,2023100805,997,Taysom Hill,NO,NE,C,1,FLAT,02:43,2,2,39.21235637956641
5,2023100806,1143,Darnell Washington,PIT,BAL,I,4,HITCH,12:18,1,2,83.22805206039246
5,2023100806,156,Mark Andrews,BAL,PIT,I,11,POST,12:53,2,2,83.28105065719753
5,2023100806,1582,George Pickens,PIT,BAL,C,10,IN,05:28,2,2,82.5535349372306
5,2023100806,1629,Miles Boykin,PIT,BAL,I,4,OUT,04:20,1,2,82.31350453423842
5,2023100806,2887,George Pickens,PIT,BAL,C,13,GO,00:55,2,2,83.28301444576563
5,2023100806,3732,Allen Robinson,PIT,BAL,I,4,SLANT,02:50,1,2,83.33333314584111
5,2023100806,3780,George Pickens,PIT,BAL,C,20,GO,02:09,3,2,83.26008714630912
5,2023100806,3899,Zay Flowers,BAL,PIT,C,19,OUT,01:17,1,2,81.43866872390475
5,2023100807,1715,Tyler Boyd,CIN,ARI,C,13,IN,03:16,3,2,82.59330646191387
5,2023100807,1933,Zach Pascal,ARI,CIN,IN,10,HITCH,01:30,2,2,78.06605923686396
5,2023100807,2356,Ja'Marr Chase,CIN,ARI,C,51,POST,13:47,1,2,74.48708598383085
5,2023100807,3437,Ja'Marr Chase,CIN,ARI,C,8,SLANT,09:22,2,2,81.02167566717753
5,2023100807,491,Marquise Brown,ARI,CIN,I,35,GO,06:48,2,2,81.8504576381828
5,2023100807,709,Trenton Irwin,CIN,ARI,C,2,OUT,03:10,2,2,83.33333333333333
5,2023100808,3107,DeVonta Smith,PHI,LA,I,8,POST,12:41,3,2,82.07501231297857
5,2023100808,415,Puka Nacua,LA,PHI,C,6,SLANT,08:33,2,2,83.2986459900903
5,2023100809,1842,Garrett Wilson,NYJ,DEN,C,11,OUT,01:29,2,2,80.71239311503793
5,2023100809,2344,Courtland Sutton,DEN,NYJ,I,18,GO,11:40,3,2,83.1620318491899
5,2023100809,3216,Jerry Jeudy,DEN,NYJ,C,2,HITCH,11:40,2,2,83.25534936722327
5,2023100809,3324,Garrett Wilson,NYJ,DEN,C,27,POST,10:25,1,2,82.89447129666699
5,2023100809,4120,Jerry Jeudy,DEN,NYJ,I,32,POST,00:23,1,2,83.33333333333324
5,2023100809,994,Adam Trautman,DEN,NYJ,I,20,GO,01:15,1,2,83.31825616709064
5,2023100810,215,Travis Kelce,KC,MIN,I,21,GO,11:45,1,2,83.02442494821514
5,2023100810,2351,Rashee Rice,KC,MIN,C,10,IN,12:39,2,2,81.95078729152951
5,2023100810,2563,T.J. Hockenson,MIN,KC,I,17,POST,10:10,1,2,83.0170817875931
5,2023100810,3330,Josh Oliver,MIN,KC,I,17,GO,13:44,1,2,83.29625024827418
5,2023100810,539,K.J. Osborn,MIN,KC,I,4,IN,06:33,3,2,83.08287573582317
5,2023100811,1168,Michael Gallup,DAL,SF,I,41,GO,14:56,1,2,83.24900167132064
5,2023100811,1439,Brandin Cooks,DAL,SF,C,7,OUT,11:14,2,2,82.96128758097484
5,2023100811,2816,Brandin Cooks,DAL,SF,IN,51,GO,06:15,1,2,83.02672730932255
5,2023100811,3213,Michael Gallup,DAL,SF,IN,13,SLANT,14:15,2,2,83.33321129374941
5,2023100811,3351,Brandin Cooks,DAL,SF,IN,6,SLANT,12:58,1,3,100
5,2023100900,1600,Patrick Taylor,GB,LV,I,0,FLAT,02:00,2,2,73.61620193141826
5,2023100900,2040,Jakobi Meyers,LV,GB,IN,9,CROSS,12:57,2,2,80.3135978858188
5,2023100900,228,Jayden Reed,GB,LV,I,34,GO,10:33,3,2,80.65319586416813
5,2023100900,2656,Jakobi Meyers,LV,GB,I,12,CROSS,02:44,1,2,68.77126445929667
5,2023100900,3776,Christian Watson,GB,LV,IN,35,GO,00:51,3,2,83.2281676894307
5,2023100900,933,Patrick Taylor,GB,LV,C,1,ANGLE,13:34,2,2,83.32605440732631
6,2023101200,1444,Travis Kelce,KC,DEN,C,16,CROSS,04:35,1,2,71.5170965583589
6,2023101200,1794,Jerick McKinnon,KC,DEN,I,-2,SCREEN,01:14,2,2,69.46422558726371
6,2023101200,659,Isiah Pacheco,KC,DEN,C,5,ANGLE,03:47,2,2,82.996305703755
6,2023101500,140,Zay Flowers,BAL,TEN,C,14,HITCH,12:54,1,2,77.74232912003238
6,2023101500,2935,Chig Okonkwo,TEN,BAL,IN,28,CORNER,04:43,3,2,77.11433075290157
6,2023101500,3072,Mark Andrews,BAL,TEN,I,27,CORNER,03:05,1,2,82.22746147720905
6,2023101500,3604,Mark Andrews,BAL,TEN,I,8,IN,05:38,2,2,83.3037986494215
6,2023101500,4145,DeAndre Hopkins,TEN,BAL,I,20,GO,00:46,2,2,82.96554710818882
6,2023101501,1161,Drake London,ATL,WAS,C,7,SLANT,11:16,2,2,83.24966272595664
6,2023101501,177,Dyami Brown,WAS,ATL,I,31,GO,12:02,1,2,83.3210460107343
6,2023101501,3442,Drake London,ATL,WAS,I,6,SLANT,07:00,2,2,83.33333333333324
6,2023101501,3923,Terry McLaurin,WAS,ATL,I,7,SLANT,02:13,3,2,83.02562351158126
6,2023101501,644,Kyle Pitts,ATL,WAS,C,9,GO,02:51,2,2,78.04998722801827
6,2023101501,753,Terry McLaurin,WAS,ATL,C,7,SLANT,02:04,2,2,82.54128854360988
6,2023101501,836,Terry McLaurin,WAS,ATL,I,6,IN,00:21,2,2,83.01601757849774
6,2023101501,908,Kyle Pitts,ATL,WAS,I,12,OUT,00:03,1,2,83.1416481558308
6,2023101502,1408,T.J. Hockenson,MIN,CHI,I,19,POST,06:56,2,2,80.28758159585153
6,2023101502,3940,DJ Moore,CHI,MIN,IN,27,GO,02:05,1,2,83.33333233324346
6,2023101503,1637,Jaxon Smith-Njigba,SEA,CIN,C,-3,SCREEN,02:14,1,2,83.33233558159041
6,2023101503,1721,Tyler Lockett,SEA,CIN,I,31,GO,01:01,1,3,100
6,2023101503,2066,Ja'Marr Chase,CIN,SEA,IN,29,GO,14:18,2,2,83.05049310608524
6,2023101503,2347,Jaxon Smith-Njigba,SEA,CIN,IN,15,WHEEL,09:24,2,2,83.08063377407268
6,2023101503,2411,Ja'Marr Chase,CIN,SEA,I,3,CROSS,08:43,2,2,83.33333331803439
6,2023101503,3021,DK Metcalf,SEA,CIN,IN,22,GO,12:13,2,2,81.95655679288704
6,2023101503,3896,Colby Parkinson,SEA,CIN,I,11,OUT,00:55,1,2,79.90289246636091
6,2023101503,935,Ja'Marr Chase,CIN,SEA,C,19,GO,00:07,2,2,83.2364046520848
6,2023101504,3080,Harrison Bryant,CLE,SF,I,6,HITCH,03:07,3,2,80.77156390155508
6,2023101504,3619,Amari Cooper,CLE,SF,IN,14,GO,11:13,2,2,83.33072415590593
6,2023101504,3794,Amari Cooper,CLE,SF,I,10,CROSS,09:13,1,3,100
6,2023101504,3911,David Bell,CLE,SF,C,4,HITCH,06:52,4,2,83.33333333333248
6,2023101505,1389,Nico Collins,HOU,NO,C,22,CROSS,09:07,1,2,83.30197469606556
6,2023101505,240,Noah Brown,HOU,NO,I,18,GO,11:28,3,2,74.15283817541467
6,2023101505,2726,Michael Thomas,NO,HOU,C,3,SLANT,05:49,1,2,83.30066912522469
6,2023101505,2859,Taysom Hill,NO,HOU,C,8,IN,03:30,1,2,82.22542538006861
6,2023101505,3290,Michael Thomas,NO,HOU,I,11,POST,11:14,3,3,100
6,2023101505,614,Devin Singletary,HOU,NO,I,11,ANGLE,04:44,1,3,100
6,2023101505,787,Taysom Hill,NO,HOU,I,24,CORNER,02:34,1,2,79.07099102005705
6,2023101506,1153,Brenton Strange,JAX,IND,I,28,WHEEL,12:57,1,2,76.93995477134821
6,2023101506,1671,Michael Pittman,IND,JAX,IN,16,IN,04:50,2,3,99.92436051020822
6,2023101506,2558,Calvin Ridley,JAX,IND,I,16,GO,11:35,2,2,83.28180992619887
6,2023101506,2979,Christian Kirk,JAX,IND,I,9,CROSS,04:46,1,2,63.60262156532935
6,2023101506,3547,Alec Pierce,IND,JAX,I,26,GO,13:06,1,2,78.29481613486631
6,2023101506,4310,Andrew Ogletree,IND,JAX,I,17,IN,02:35,2,3,100
6,2023101506,4358,Amari Rodgers,IND,JAX,I,10,IN,02:07,1,2,83.33300599323093
6,2023101506,4381,Josh Downs,IND,JAX,I,7,HITCH,02:01,2,2,71.3465546743973
6,2023101507,1078,Jaylen Waddle,MIA,CAR,C,8,IN,12:37,2,2,46.96532522279174
6,2023101507,2176,Tyreek Hill,MIA,CAR,I,20,HITCH,14:57,2,2,83.33333333317835
6,2023101507,2878,Hayden Hurst,CAR,MIA,I,24,CORNER,02:31,4,2,79.7665156534988
6,2023101507,2992,Jaylen Waddle,MIA,CAR,I,18,IN,00:48,2,2,82.5772694281419
6,2023101507,3637,Hayden Hurst,CAR,MIA,C,6,HITCH,05:43,1,2,83.33325851569435
6,2023101507,946,Jaylen Waddle,MIA,CAR,I,46,GO,15:00,1,2,72.620957987605
6,2023101508,147,Rachaad White,TB,DET,I,15,WHEEL,13:12,3,2,82.94385047722164
6,2023101508,2178,Sam LaPorta,DET,TB,I,11,IN,10:44,3,2,82.74727225074476
6,2023101508,3903,Cade Otton,TB,DET,I,29,GO,00:58,4,2,80.92257368569985
6,2023101509,2028,Jakobi Meyers,LV,NE,C,16,IN,00:20,3,2,83.33329785421309
6,2023101509,3920,DeVante Parker,NE,LV,I,41,GO,01:59,2,2,74.91588403395868
6,2023101510,1103,Marquise Brown,ARI,LA,I,17,GO,13:27,1,2,80.23568391788535
6,2023101510,1126,Marquise Brown,ARI,LA,I,17,GO,13:23,2,2,82.58268718455379
6,2023101510,2764,Tyler Higbee,LA,ARI,I,5,OUT,02:51,3,2,83.33333286044147
6,2023101510,2855,Trey McBride,ARI,LA,C,5,HITCH,02:04,1,2,59.18580378070517
6,2023101510,3721,Michael Wilson,ARI,LA,I,5,SLANT,04:28,3,2,80.76506375414091
6,2023101510,3803,Zach Pascal,ARI,LA,I,19,IN,03:55,2,2,83.28943122368766
6,2023101510,4064,Rondale Moore,ARI,LA,I,4,CROSS,01:24,3,2,83.33114094734107
6,2023101510,593,Trey McBride,ARI,LA,I,5,HITCH,04:05,1,2,76.7888944178161
6,2023101511,1810,Garrett Wilson,NYJ,PHI,I,15,CROSS,05:32,1,2,76.31784200575157
6,2023101511,1920,Garrett Wilson,NYJ,PHI,I,16,GO,03:27,1,2,83.33151684964595
6,2023101511,2238,Garrett Wilson,NYJ,PHI,C,9,HITCH,00:56,1,3,100
6,2023101511,230,D'Andre Swift,PHI,NYJ,C,-2,SCREEN,12:51,1,2,83.28305219713758
6,2023101511,2356,Randall Cobb,NYJ,PHI,I,6,FLAT,00:29,2,2,83.09990056057735
6,2023101511,3273,Garrett Wilson,NYJ,PHI,I,20,GO,00:54,3,2,79.54126483702349
6,2023101511,366,A.J. Brown,PHI,NYJ,C,8,IN,10:53,3,2,83.33139043537875
6,2023101511,55,Allen Lazard,NYJ,PHI,I,7,OUT,15:00,1,2,83.32881078107867
6,2023101511,708,Olamide Zaccheaus,PHI,NYJ,I,10,POST,04:02,2,2,83.00522316315191
6,2023101512,1622,Darren Waller,NYG,BUF,C,6,HITCH,09:04,2,2,73.35657932201298
6,2023101512,178,Darius Slayton,NYG,BUF,C,5,FLAT,14:03,1,2,48.92288923368256
6,2023101512,2913,Stefon Diggs,BUF,NYG,C,7,HITCH,04:19,3,2,70.2644733823253
6,2023101512,3937,Jalin Hyatt,NYG,BUF,I,47,GO,01:59,3,2,77.84397272811565
6,2023101512,845,Stefon Diggs,BUF,NYG,C,25,CROSS,03:19,1,2,81.55604122070929
6,2023101600,1165,Gerald Everett,LAC,DAL,I,6,HITCH,11:55,2,2,83.33333015362408
6,2023101600,1296,Brandin Cooks,DAL,LAC,C,4,HITCH,10:22,3,2,83.31103266193813
6,2023101600,1850,Gerald Everett,LAC,DAL,C,0,CROSS,02:00,1,2,83.27131873285502
6,2023101600,1917,Keenan Allen,LAC,DAL,I,28,GO,01:30,1,2,83.2844000150537
6,2023101600,2053,Michael Gallup,DAL,LAC,I,6,SLANT,00:59,1,2,83.33333308898105
6,2023101600,414,Michael Gallup,DAL,LAC,I,9,SLANT,09:13,1,2,74.19207867361244
7,2023101900,1027,Jamal Agnew,JAX,NO,C,13,OUT,15:00,1,2,83.3333257617764
7,2023101900,2880,Michael Thomas,NO,JAX,I,5,OUT,07:04,2,2,83.33208423458991
7,2023102200,1478,Amon-Ra St. Brown,DET,BAL,C,9,CROSS,07:05,1,2,82.12204956733378
7,2023102200,1874,Sam LaPorta,DET,BAL,C,7,OUT,01:37,1,2,83.33112524083623
7,2023102200,2420,Jahmyr Gibbs,DET,BAL,I,3,ANGLE,09:46,2,2,79.6719334338532
7,2023102200,2671,Jameson Williams,DET,BAL,I,10,HITCH,06:43,2,2,74.49406197829435
7,2023102200,4028,Amon-Ra St. Brown,DET,BAL,C,6,OUT,02:17,4,2,83.32782331984093
7,2023102201,2857,Jakobi Meyers,LV,CHI,I,11,GO,04:04,1,2,83.32846320403384
7,2023102201,2960,Jakobi Meyers,LV,CHI,C,4,SLANT,02:05,3,2,83.12456565043533
7,2023102201,3005,Davante Adams,LV,CHI,I,21,POST,00:45,2,2,83.12679372616286
7,2023102202,3824,Amari Cooper,CLE,IND,I,15,HITCH,11:18,2,2,83.33306827038257
7,2023102202,3858,Amari Cooper,CLE,IND,IN,45,GO,11:14,3,3,90.77687764201708
7,2023102202,62,Jerome Ford,CLE,IND,I,3,OUT,14:55,1,2,83.33333333333047
7,2023102203,1208,Stefon Diggs,BUF,NE,I,25,CORNER,10:43,3,2,83.13830735415658
7,2023102203,2729,Dalton Kincaid,BUF,NE,C,5,ANGLE,01:11,3,2,82.50357413731167
7,2023102203,291,Dawson Knox,BUF,NE,IN,22,CORNER,09:55,1,2,83.33262945235856
7,2023102203,4129,Stefon Diggs,BUF,NE,I,44,POST,00:12,1,2,78.92882308884884
7,2023102203,913,Gabe Davis,BUF,NE,I,18,POST,15:00,3,2,67.0369374499671
7,2023102204,350,Jalin Hyatt,NYG,WAS,C,31,GO,10:32,3,2,81.70308481679488
7,2023102205,2613,Tyler Allgeier,ATL,TB,C,4,SLANT,11:04,2,2,83.33333327169954
7,2023102205,3769,Chris Godwin Jr.,TB,ATL,C,13,OUT,04:35,3,2,82.26066731375053
7,2023102205,3821,Cade Otton,TB,ATL,IN,15,OUT,03:46,2,2,69.62136018091914
7,2023102205,4149,Chris Godwin Jr.,TB,ATL,I,4,IN,01:05,1,2,83.29727279142023
7,2023102206,1606,George Pickens,PIT,LA,C,19,GO,05:22,2,2,83.24402841666314
7,2023102206,2048,Cooper Kupp,LA,PIT,IN,5,HITCH,14:54,1,2,82.36538693696875
7,2023102206,853,Connor Heyward,PIT,LA,C,12,HITCH,01:11,2,2,68.37103034042848
7,2023102207,1695,Jaxon Smith-Njigba,SEA,ARI,I,8,HITCH,07:07,2,2,83.10522013338144
7,2023102207,1813,Jake Bobo,SEA,ARI,C,18,GO,04:47,1,2,83.11302860947085
7,2023102207,297,Jake Bobo,SEA,ARI,C,24,GO,11:08,3,2,83.18472747546868
7,2023102207,3452,Elijah Higgins,ARI,SEA,C,0,FLAT,09:31,1,2,83.33326648479776
7,2023102207,3624,Michael Wilson,ARI,SEA,I,3,SLANT,05:12,2,2,83.28155858367187
7,2023102207,3887,Jaxon Smith-Njigba,SEA,ARI,I,6,SLANT,02:25,3,2,82.72201892556961
7,2023102207,473,Trey McBride,ARI,SEA,I,7,CROSS,06:48,1,2,83.31714620180564
7,2023102208,1169,Christian Watson,GB,DEN,C,4,IN,12:04,3,2,82.03307861690516
7,2023102208,2170,Romeo Doubs,GB,DEN,I,35,GO,14:35,2,2,82.37049367658004
7,2023102208,3926,Samori Toure,GB,DEN,IN,42,CROSS,01:52,3,2,80.40293082629428
7,2023102209,1776,Rashee Rice,KC,LAC,C,12,POST,02:48,1,2,57.12626383301011
7,2023102209,2304,Blake Bell,KC,LAC,C,6,HITCH,10:33,2,2,83.13661423663659
7,2023102209,2577,Gerald Everett,LAC,KC,I,8,HITCH,05:11,2,2,82.74198994656689
7,2023102209,3770,Donald Parham,LAC,KC,I,20,GO,03:30,1,2,82.67294025476424
7,2023102210,1011,A.J. Brown,PHI,MIA,C,5,IN,14:19,2,2,83.33276523477899
7,2023102210,1583,DeVonta Smith,PHI,MIA,C,0,CROSS,05:01,2,2,83.33328509667365
7,2023102210,3237,Raheem Mostert,MIA,PHI,IN,23,GO,11:33,3,2,83.2738773850282
7,2023102210,3568,A.J. Brown,PHI,MIA,C,42,GO,05:44,1,2,82.32760118795952
7,2023102300,1497,Jauan Jennings,SF,MIN,C,9,IN,02:30,2,3,97.15271857384272
7,2023102300,3045,George Kittle,SF,MIN,C,18,CROSS,15:00,2,2,83.1940507777037
7,2023102300,378,Jordan Addison,MIN,SF,C,11,IN,08:52,2,2,82.06139805343751
7,2023102300,3873,George Kittle,SF,MIN,I,12,POST,01:11,1,2,83.33142223755459
7,2023102300,542,Jordan Addison,MIN,SF,C,19,CROSS,04:52,3,2,76.68411953454252
8,2023102600,1116,Trey Palmer,TB,BUF,I,12,IN,14:09,3,2,83.29512052917498
8,2023102600,2453,Stefon Diggs,BUF,TB,C,3,HITCH,12:41,1,2,66.92721064922112
8,2023102600,3182,Stefon Diggs,BUF,TB,I,0,SCREEN,01:05,2,2,27.42620041882189
8,2023102600,476,Stefon Diggs,BUF,TB,C,0,OUT,08:46,3,2,82.5016433789323
8,2023102900,1423,Noah Brown,HOU,CAR,I,15,POST,06:26,1,2,80.35890284286525
8,2023102900,1675,Terrace Marshall Jr.,CAR,HOU,C,10,IN,02:28,1,2,83.29748251581614
8,2023102900,554,Nico Collins,HOU,CAR,C,7,SLANT,07:33,1,3,99.53742039773792
8,2023102900,586,Nico Collins,HOU,CAR,I,52,GO,06:59,1,2,82.59938980787648
8,2023102901,1368,CeeDee Lamb,DAL,LA,I,41,GO,08:13,2,2,77.11568770016599
8,2023102901,1801,CeeDee Lamb,DAL,LA,C,22,GO,02:34,3,2,79.12352429513328
8,2023102901,2459,Tyler Higbee,LA,DAL,C,3,FLAT,12:49,1,2,82.43135927775349
8,2023102901,248,Jalen Tolbert,DAL,LA,I,5,SLANT,10:33,2,2,83.32136527152956
8,2023102901,2903,CeeDee Lamb,DAL,LA,I,9,SLANT,03:44,1,2,82.36854642255558
8,2023102901,296,Jake Ferguson,DAL,LA,C,18,GO,09:49,1,2,82.95946870720633
8,2023102901,753,Michael Gallup,DAL,LA,I,12,OUT,02:15,1,2,82.17788349667798
8,2023102902,2727,Jayden Reed,GB,MIN,IN,36,GO,08:08,3,2,80.82863142113135
8,2023102902,283,K.J. Osborn,MIN,GB,I,9,IN,11:58,2,2,69.70424044985955
8,2023102902,4483,Romeo Doubs,GB,MIN,I,19,IN,01:21,4,2,78.20374399292903
8,2023102903,173,Michael Thomas,NO,IND,C,12,GO,12:53,2,2,83.30030100858326
8,2023102903,3355,Rashid Shaheed,NO,IND,C,44,POST,13:29,1,2,72.09898156405397
8,2023102903,3968,Chris Olave,NO,IND,I,42,POST,05:43,2,2,82.17935748623705
8,2023102903,4190,Juwann Winfree,IND,NO,I,26,IN,04:02,3,3,100
8,2023102904,1561,Kendrick Bourne,NE,MIA,C,6,HITCH,06:10,1,2,82.57300911208216
8,2023102904,1781,Braxton Berrios,MIA,NE,I,12,IN,01:48,1,2,81.37833190685993
8,2023102904,180,Alec Ingold,MIA,NE,I,1,CROSS,12:32,2,2,83.30014969098787
8,2023102904,1983,Tyreek Hill,MIA,NE,I,12,CORNER,00:34,3,2,82.14114944256279
8,2023102904,2272,Tyreek Hill,MIA,NE,C,17,POST,12:40,1,2,77.84922335979734
8,2023102904,228,Jaylen Waddle,MIA,NE,C,15,GO,12:02,4,2,81.84097137401828
8,2023102905,1677,Allen Lazard,NYJ,NYG,I,5,SLANT,08:22,3,2,83.33280711196976
8,2023102906,2147,Diontae Johnson,PIT,JAX,I,33,POST,00:14,2,2,78.9194663394011
8,2023102906,2804,Diontae Johnson,PIT,JAX,I,16,OUT,06:15,1,3,100
8,2023102906,2981,Travis Etienne,JAX,PIT,C,21,GO,05:14,2,2,81.29203779775843
8,2023102906,3655,Allen Robinson,PIT,JAX,IN,32,GO,09:26,2,2,75.19997735498592
8,2023102906,4055,Rod Williams,PIT,JAX,I,6,HITCH,03:05,1,2,62.77114245742166
8,2023102907,1270,DeAndre Hopkins,TEN,ATL,I,29,CORNER,10:35,2,2,81.35674013974148
8,2023102907,281,MyCole Pruitt,ATL,TEN,I,7,GO,10:36,2,3,100
8,2023102907,2896,Drake London,ATL,TEN,C,20,POST,04:07,2,2,83.17680002922178
8,2023102907,618,Kyle Pitts,ATL,TEN,I,34,POST,04:35,3,2,83.00298876971692
8,2023102908,1235,Julio Jones,PHI,WAS,I,11,IN,12:40,1,2,83.22531265340353
8,2023102908,1878,DeVonta Smith,PHI,WAS,C,7,HITCH,01:26,2,2,83.33331935935146
8,2023102908,2508,Logan Thomas,WAS,PHI,I,4,OUT,10:09,1,2,42.33527705672826
8,2023102908,696,Dallas Goedert,PHI,WAS,C,4,OUT,04:48,2,2,83.2924014940377
8,2023102908,903,Terry McLaurin,WAS,PHI,C,8,SLANT,02:11,1,2,83.33332914451158
8,2023102909,1110,Amari Cooper,CLE,SEA,I,4,HITCH,00:53,2,2,81.11494982490241
8,2023102909,225,Tyler Lockett,SEA,CLE,C,9,SLANT,11:43,3,2,81.72285279725784
8,2023102909,2952,Amari Cooper,CLE,SEA,I,7,GO,02:57,3,2,83.1257527535682
8,2023102909,3065,Jaxon Smith-Njigba,SEA,CLE,I,2,OUT,01:35,3,2,81.194284112779
8,2023102909,470,Amari Cooper,CLE,SEA,C,20,HITCH,08:29,3,2,77.96778890147097
8,2023102910,1645,Odell Beckham,BAL,ARI,I,15,GO,04:53,2,2,83.28660012422662
8,2023102910,2321,Trey McBride,ARI,BAL,I,20,POST,11:24,1,2,79.4931771258378
8,2023102910,2524,Odell Beckham,BAL,ARI,I,21,GO,07:32,3,2,74.56136551054404
8,2023102910,2829,Trey McBride,ARI,BAL,IN,14,CROSS,01:51,1,2,82.53196606264889
8,2023102910,3503,Michael Wilson,ARI,BAL,I,12,GO,07:13,1,2,81.68378538553655
8,2023102910,638,Rashod Bateman,BAL,ARI,C,29,CORNER,04:39,1,2,83.27518275074694
8,2023102911,1317,Travis Kelce,KC,DEN,IN,18,POST,10:09,1,2,81.486084484413
8,2023102911,1655,Jerry Jeudy,DEN,KC,I,39,GO,04:19,1,2,72.52050651872366
8,2023102911,1678,Courtland Sutton,DEN,KC,I,4,SLANT,04:12,2,2,83.29607062209156
8,2023102911,1942,Travis Kelce,KC,DEN,C,7,HITCH,01:35,1,2,83.28166735818921
8,2023102911,3590,Jerick McKinnon,KC,DEN,I,1,FLAT,08:47,2,2,83.33185803655645
8,2023102911,3666,Noah Gray,KC,DEN,C,6,HITCH,08:14,2,2,83.12460084099074
8,2023102912,243,Ja'Marr Chase,CIN,SF,I,5,IN,11:33,2,2,62.91510534070406
8,2023102912,266,Tee Higgins,CIN,SF,C,7,HITCH,11:29,3,2,83.31697332173803
8,2023102912,2837,Ja'Marr Chase,CIN,SF,I,6,IN,13:29,3,2,83.29745511162237
8,2023102912,2954,Brandon Aiyuk,SF,CIN,IN,13,IN,13:17,1,2,82.50362354039879
8,2023102913,1544,Velus Jones Jr.,CHI,LAC,I,40,GO,05:22,2,2,79.27728178052465
8,2023102913,222,Keenan Allen,LAC,CHI,C,4,HITCH,12:12,2,2,77.82321925272299
8,2023102913,3553,Tyler Scott,CHI,LAC,I,39,GO,11:38,1,2,83.13743820072244
8,2023102913,482,Velus Jones Jr.,CHI,LAC,C,4,HITCH,07:08,1,2,82.79586505158652
8,2023102913,542,Khari Blasingame,CHI,LAC,I,3,FLAT,06:08,2,2,79.7645156545624
8,2023102913,588,Cole Kmet,CHI,LAC,C,13,OUT,06:01,3,2,75.60308504548347
8,2023103000,2506,Amon-Ra St. Brown,DET,LV,I,4,HITCH,10:41,1,2,77.78867703066959
8,2023103000,3036,Michael Mayer,LV,DET,C,17,CROSS,03:13,1,2,82.80587516911793
8,2023103000,465,Josh Jacobs,LV,DET,I,-4,FLAT,07:20,1,2,80.87547937862747
8,2023103000,829,Hunter Renfrow,LV,DET,I,27,HITCH,02:36,4,2,80.85049949649752
9,2023110200,1258,George Pickens,PIT,TEN,I,5,SLANT,13:25,2,2,83.33322581104244
9,2023110200,2403,Najee Harris,PIT,TEN,C,1,FLAT,11:15,3,2,81.72513789490951
9,2023110200,2782,DeAndre Hopkins,TEN,PIT,I,25,GO,05:12,2,2,83.3333295422929
9,2023110200,4038,DeAndre Hopkins,TEN,PIT,I,18,GO,01:44,1,2,83.331979799164
9,2023110500,1313,Jaylen Waddle,MIA,KC,I,36,CORNER,11:50,1,2,83.29473780508327
9,2023110500,2313,Cedrick Wilson Jr.,MIA,KC,I,14,GO,14:01,2,2,83.31353561289329
9,2023110501,1101,Damiere Byrd,ATL,MIN,I,28,CROSS,13:28,2,2,79.40983123562889
9,2023110501,3055,T.J. Hockenson,MIN,ATL,I,3,SLANT,04:14,2,2,83.33333333333333
9,2023110501,414,Kyle Pitts,ATL,MIN,I,13,OUT,07:16,3,2,82.57690286219638
9,2023110501,4550,KhaDarel Hodge,ATL,MIN,I,26,CORNER,00:15,2,2,83.16588894469211
9,2023110502,1001,Mark Andrews,BAL,SEA,C,5,HITCH,14:19,1,2,75.59778742740995
9,2023110502,1176,Tyler Lockett,SEA,BAL,IN,27,GO,12:11,3,2,82.84688248637876
9,2023110502,1716,DK Metcalf,SEA,BAL,C,23,POST,02:39,1,2,82.86712551226908
9,2023110502,2322,Justice Hill,BAL,SEA,I,25,WHEEL,13:36,2,2,71.20583841015791
9,2023110502,2435,Kenneth Walker III,SEA,BAL,I,1,FLAT,12:04,2,2,81.98806185537408
9,2023110502,3603,Odell Beckham,BAL,SEA,C,6,OUT,08:19,3,2,75.0709752437844
9,2023110503,1864,Marquise Goodwin,CLE,ARI,I,40,CORNER,01:24,2,3,100.00000000000004
9,2023110503,1931,Jordan Akins,CLE,ARI,I,4,HITCH,01:15,1,2,79.74730675078632
9,2023110503,2313,Marquise Brown,ARI,CLE,I,8,SLANT,12:43,3,3,100
9,2023110503,2809,Marquise Brown,ARI,CLE,I,7,SLANT,05:53,3,2,83.31854796646043
9,2023110503,3495,Amari Cooper,CLE,ARI,C,39,GO,08:41,3,3,100.00000000000004
9,2023110504,3150,Puka Nacua,LA,GB,I,14,HITCH,00:46,2,2,83.33326484170084
9,2023110504,3596,Puka Nacua,LA,GB,I,3,OUT,09:08,1,2,82.49435362536876
9,2023110504,4025,Cooper Kupp,LA,GB,I,42,GO,03:08,2,2,74.08821494490823
9,2023110505,203,Cade Otton,TB,HOU,I,-1,FLAT,13:40,2,2,83.1517214848063
9,2023110505,2174,Chris Godwin Jr.,TB,HOU,I,23,CROSS,14:28,1,2,83.11703497211082
9,2023110505,2499,Cade Otton,TB,HOU,I,2,OUT,10:53,1,2,83.33322200238655
9,2023110505,3145,Nico Collins,HOU,TB,I,9,GO,14:20,3,2,83.33328456216688
9,2023110505,3607,Dalton Schultz,HOU,TB,I,11,CORNER,08:55,3,2,82.70131317623152
9,2023110505,4222,Cade Otton,TB,HOU,C,14,GO,00:49,1,2,80.65037931363315
9,2023110505,446,Nico Collins,HOU,TB,C,6,SLANT,09:14,1,2,83.33043517642801
9,2023110506,1402,Jahan Dotson,WAS,NE,C,20,HITCH,08:45,2,2,79.42140334510114
9,2023110506,1980,Dyami Brown,WAS,NE,I,21,GO,00:59,1,2,83.25459357340405
9,2023110506,321,DeMario Douglas,NE,WAS,I,3,SLANT,10:02,1,2,83.33332984352964
9,2023110507,1651,Cole Kmet,CHI,NO,C,0,CROSS,02:50,1,2,83.31097137322317
9,2023110507,3569,Tyler Scott,CHI,NO,IN,17,IN,05:14,3,2,69.35679841973857
9,2023110508,2826,Adam Thielen,CAR,IND,I,10,HITCH,05:24,1,2,71.494070238439
9,2023110508,3988,Hayden Hurst,CAR,IND,IN,19,POST,04:36,2,2,83.18620881607201
9,2023110508,519,Jonathan Mingo,CAR,IND,I,9,HITCH,07:14,1,2,80.45058342328649
9,2023110509,1516,Jalin Hyatt,NYG,LV,IN,48,POST,03:53,1,2,80.95600871926605
9,2023110509,2096,Jakobi Meyers,LV,NYG,I,19,GO,12:55,2,2,80.68010438015921
9,2023110509,2276,Davante Adams,LV,NYG,I,14,CROSS,09:12,2,2,83.23483650215744
9,2023110509,427,Darius Slayton,NYG,LV,I,16,HITCH,08:28,1,2,82.70027213781711
9,2023110510,239,Dallas Goedert,PHI,DAL,I,4,FLAT,10:46,1,2,83.33332976570533
9,2023110510,2898,A.J. Brown,PHI,DAL,I,41,POST,03:16,1,2,65.272339396916
9,2023110510,3696,Brandin Cooks,DAL,PHI,I,17,HITCH,07:08,1,2,83.24150929195018
9,2023110511,1310,Deonte Harty,BUF,CIN,I,53,GO,09:07,1,2,83.29997899215378
9,2023110511,1851,Tyler Boyd,CIN,BUF,I,20,HITCH,01:54,2,2,81.43198103533159
9,2023110511,2628,Ja'Marr Chase,CIN,BUF,I,47,GO,07:30,1,2,78.37060738731692
9,2023110600,1124,Garrett Wilson,NYJ,LAC,I,32,GO,00:53,3,2,83.22153003763036
9,2023110600,1234,Joshua Kelley,LAC,NYJ,C,4,ANGLE,14:24,1,2,78.43729613757218
9,2023110600,1906,Garrett Wilson,NYJ,LAC,C,3,HITCH,04:34,1,2,83.3333314510855
9,2023110600,2270,Garrett Wilson,NYJ,LAC,I,16,POST,00:41,2,2,83.33193616967198
9,2023110600,4057,Allen Lazard,NYJ,LAC,I,4,IN,03:22,1,2,83.33333333333239
9,2023110600,4331,Tyler Conklin,NYJ,LAC,C,27,GO,01:22,4,2,83.0983622532781
9,2023110600,78,Quentin Johnston,LAC,NYJ,I,36,GO,14:25,2,2,82.31811869805688
10,2023110900,1258,Roschon Johnson,CHI,CAR,I,4,ANGLE,09:35,2,2,83.33331468825982
10,2023110900,2229,Jonathan Mingo,CAR,CHI,I,9,HITCH,15:00,1,2,68.69027465340368
10,2023110900,2274,Mike Strachan,CAR,CHI,I,20,GO,14:10,3,2,83.31686641384411
10,2023110900,2820,Adam Thielen,CAR,CHI,I,13,IN,06:33,1,2,82.81016500566092
10,2023110900,3635,Cole Kmet,CHI,CAR,I,9,CROSS,08:41,1,2,83.33300916041347
10,2023110900,4163,Darnell Mooney,CHI,CAR,C,8,IN,01:26,3,2,45.94850090380225
10,2023110900,757,DJ Moore,CHI,CAR,I,31,GO,02:52,2,2,83.22932209993125
10,2023110900,929,Adam Thielen,CAR,CHI,C,-1,FLAT,01:08,1,2,62.94697426944539
10,2023111200,1843,Michael Pittman,IND,NE,I,4,HITCH,00:36,1,2,62.3447285124289
10,2023111200,3403,Mike Gesicki,NE,IND,IN,14,CROSS,04:25,2,2,79.06429371841362
10,2023111200,3814,DeMario Douglas,NE,IND,IN,23,POST,00:36,1,3,99.99999999999996
10,2023111200,398,Mo Alie-Cox,IND,NE,I,14,GO,08:11,1,2,79.14358905922448
10,2023111201,222,David Njoku,CLE,BAL,I,8,HITCH,13:08,3,2,83.33333090525312
10,2023111201,3331,Mark Andrews,BAL,CLE,I,11,HITCH,14:06,2,4,100
10,2023111201,4237,Amari Cooper,CLE,BAL,C,17,HITCH,02:22,2,2,83.32823209339097
10,2023111202,1933,Devin Singletary,HOU,CIN,I,1,OUT,01:06,2,2,83.32063568653322
10,2023111202,870,Robert Woods,HOU,CIN,I,12,CROSS,00:35,1,2,81.74502081927531
10,2023111203,2160,Deebo Samuel Sr.,SF,JAX,C,9,CROSS,15:00,1,2,79.91972337297727
10,2023111203,221,Brandon Aiyuk,SF,JAX,C,13,CORNER,11:42,1,2,70.97166017974875
10,2023111203,2274,Calvin Ridley,JAX,SF,C,11,HITCH,13:26,2,2,81.39680656889247
10,2023111203,2536,Christian Kirk,JAX,SF,I,31,CROSS,07:48,2,2,74.90620223795909
10,2023111204,1198,T.J. Hockenson,MIN,NO,C,1,CROSS,11:02,1,2,82.66186936084638
10,2023111204,2794,Chris Olave,NO,MIN,C,11,HITCH,06:05,1,3,100
10,2023111204,3271,Juwan Johnson,NO,MIN,I,24,POST,14:55,1,2,78.11375220543243
10,2023111204,3294,Rashid Shaheed,NO,MIN,I,3,OUT,14:51,2,2,74.08333497580843
10,2023111204,3645,Brandon Powell,MIN,NO,C,14,HITCH,11:25,3,2,82.86291270293582
10,2023111204,4460,Rashid Shaheed,NO,MIN,IN,37,POST,01:56,1,2,82.21611110389267
10,2023111204,792,Juwan Johnson,NO,MIN,I,21,POST,02:11,1,2,80.639509181762
10,2023111206,1401,Nick Westbrook-Ikhine,TEN,TB,I,10,CROSS,05:39,1,2,80.32763591827812
10,2023111206,1877,Cade Otton,TB,TEN,C,5,HITCH,13:53,3,2,69.37580629593171
10,2023111206,2475,Trey Palmer,TB,TEN,C,6,OUT,04:15,1,2,68.61080874927094
10,2023111206,3374,DeAndre Hopkins,TEN,TB,I,21,GO,07:01,1,2,83.33332363979054
10,2023111207,203,Kyle Pitts,ATL,ARI,I,11,IN,12:46,3,2,75.65295055683104
10,2023111207,245,Trey McBride,ARI,ATL,C,6,OUT,12:36,1,2,82.86839847185706
10,2023111207,3498,Drake London,ATL,ARI,I,26,GO,10:39,2,2,78.99907643015065
10,2023111207,3822,Drake London,ATL,ARI,C,11,HITCH,05:21,3,2,83.33273375964694
10,2023111207,4189,Trey McBride,ARI,ATL,C,32,CORNER,00:57,2,2,82.70505982288967
10,2023111208,1146,Keenan Allen,LAC,DET,I,4,HITCH,13:09,1,2,83.32761436269736
10,2023111208,1606,Jalen Guyton,LAC,DET,I,27,GO,05:03,2,2,83.22352839034168
10,2023111208,287,Kalif Raymond,DET,LAC,I,8,HITCH,10:50,2,2,82.30106900156198
10,2023111209,1830,CeeDee Lamb,DAL,NYG,C,15,GO,01:54,1,2,82.05413413963947
10,2023111209,2762,Jalin Hyatt,NYG,DAL,IN,47,POST,04:40,1,2,81.5254889551188
10,2023111209,3202,CeeDee Lamb,DAL,NYG,C,3,HITCH,14:05,2,2,83.28709587056792
10,2023111209,3891,Daniel Bellinger,NYG,DAL,C,4,HITCH,01:15,1,2,73.61618030203819
10,2023111209,829,Darius Slayton,NYG,DAL,C,8,HITCH,03:08,2,2,82.29136692138249
10,2023111210,2204,DK Metcalf,SEA,WAS,C,12,HITCH,00:54,1,2,83.33325624893637
10,2023111210,3178,Terry McLaurin,WAS,SEA,I,7,HITCH,03:08,1,2,27.482370198790207
10,2023111210,4351,Terry McLaurin,WAS,SEA,C,5,SLANT,01:28,4,2,82.13643542282361
10,2023111210,4413,Byron Pringle,WAS,SEA,I,28,IN,01:08,2,2,62.16017536279567
10,2023111211,2523,Garrett Wilson,NYJ,LV,I,19,CROSS,10:45,1,2,80.4833837293944
10,2023111211,2681,Jakobi Meyers,LV,NYJ,C,5,HITCH,08:11,2,2,81.5101582721642
10,2023111211,3785,Allen Lazard,NYJ,LV,I,5,HITCH,03:03,1,2,83.29437632786217
10,2023111211,3890,Allen Lazard,NYJ,LV,IN,5,HITCH,01:22,2,2,83.19408686061482
10,2023111211,900,Davante Adams,LV,NYJ,IN,8,HITCH,00:36,2,2,81.9343880187715
10,2023111300,1128,Courtland Sutton,DEN,BUF,I,21,CORNER,13:41,2,2,76.65928090742639
10,2023111300,3700,Samaje Perine,DEN,BUF,C,3,ANGLE,09:33,3,2,76.91916065324365
11,2023111600,1243,Irv Smith,CIN,BAL,I,0,FLAT,12:34,2,2,80.9577745987166
11,2023111900,1318,Jonathan Mingo,CAR,DAL,I,4,HITCH,10:35,2,2,81.11546798199753
11,2023111900,2605,Adam Thielen,CAR,DAL,I,23,OUT,09:42,1,2,57.09412935068149
11,2023111900,882,Brandin Cooks,DAL,CAR,I,11,HITCH,00:39,2,2,79.26733905756292
11,2023111901,3581,David Njoku,CLE,PIT,I,1,FLAT,06:35,2,2,83.32801735211727
11,2023111901,3963,Diontae Johnson,PIT,CLE,I,40,GO,01:38,2,2,83.24764743324138
11,2023111901,4321,George Pickens,PIT,CLE,C,9,HITCH,00:02,1,2,71.29111383430102
11,2023111902,1559,DJ Moore,CHI,DET,I,18,OUT,04:25,1,2,82.42304672285763
11,2023111902,2482,Khalil Herbert,CHI,DET,C,0,FLAT,08:05,2,2,83.33333333216146
11,2023111902,381,Amon-Ra St. Brown,DET,CHI,C,8,OUT,09:23,1,2,72.46620744545427
11,2023111902,4076,Amon-Ra St. Brown,DET,CHI,C,8,OUT,00:49,1,2,82.32102598522022
11,2023111902,530,Sam LaPorta,DET,CHI,IN,13,SLANT,06:21,2,2,79.98581103752697
11,2023111902,745,DJ Moore,CHI,DET,I,44,POST,01:30,2,2,82.85352599018613
11,2023111902,883,Josh Reynolds,DET,CHI,C,11,HITCH,00:32,3,2,15.291787015245555
11,2023111902,995,Donovan Peoples-Jones,DET,CHI,IN,10,IN,14:38,1,2,83.33332751143439
11,2023111903,1129,Quentin Johnston,LAC,GB,I,37,CORNER,12:31,2,2,83.13637345009488
11,2023111903,2238,Keenan Allen,LAC,GB,I,35,GO,13:11,1,2,82.03442596807614
11,2023111903,338,Keenan Allen,LAC,GB,I,8,IN,09:46,3,3,100
11,2023111903,4310,Quentin Johnston,LAC,GB,I,35,GO,00:30,3,2,83.3333197594246
11,2023111904,1036,Robert Woods,HOU,ARI,C,7,HITCH,00:12,3,2,83.01507008074422
11,2023111904,1282,Marquise Brown,ARI,HOU,IN,50,GO,11:20,1,2,71.9392606520001
11,2023111904,1309,Tank Dell,HOU,ARI,C,17,IN,11:12,1,2,82.86283364515073
11,2023111904,1413,Tank Dell,HOU,ARI,C,14,HITCH,08:49,2,2,33.43239609245547
11,2023111904,1530,Nico Collins,HOU,ARI,IN,12,POST,06:15,2,2,81.4543846276629
11,2023111904,1865,Tank Dell,HOU,ARI,C,40,POST,00:34,1,2,81.27200183434849
11,2023111904,276,Nico Collins,HOU,ARI,I,9,HITCH,12:05,1,3,98.60119645613813
11,2023111904,3592,Greg Dortch,ARI,HOU,I,16,IN,04:23,2,2,76.88000456102802
11,2023111904,643,Nico Collins,HOU,ARI,I,4,HITCH,05:58,2,2,82.03629368088515
11,2023111904,799,Marquise Brown,ARI,HOU,C,4,HITCH,04:36,1,2,83.11669088975778
11,2023111905,469,Evan Engram,JAX,TEN,C,5,ANGLE,07:01,2,2,79.36079566644408
11,2023111906,2121,Robbie Chosen,MIA,LV,C,29,CROSS,00:05,1,2,82.9767222936535
11,2023111906,3001,Alec Ingold,MIA,LV,I,5,ANGLE,00:35,3,2,83.33323746004679
11,2023111906,838,Tyreek Hill,MIA,LV,C,16,POST,02:55,2,2,83.25366807270024
11,2023111906,863,Jaylen Waddle,MIA,LV,I,5,IN,02:13,1,2,77.0200251360116
11,2023111907,2565,John Bates,WAS,NYG,C,7,HITCH,08:44,1,2,83.32113899543614
11,2023111907,2612,Logan Thomas,WAS,NYG,I,29,GO,07:15,1,2,83.12611428790466
11,2023111907,2943,Logan Thomas,WAS,NYG,C,6,SLANT,02:12,2,2,83.33331010787876
11,2023111907,307,Dyami Brown,WAS,NYG,IN,52,POST,10:09,1,2,81.91161135638546
11,2023111907,3551,Jahan Dotson,WAS,NYG,C,11,HITCH,06:24,2,2,82.0234616392298
11,2023111908,1993,Mike Evans,TB,SF,I,43,GO,13:33,1,2,83.27253161756734
11,2023111908,2819,Rakim Jarrett,TB,SF,C,21,POST,15:00,1,2,83.30339041652371
11,2023111908,3190,Trey Palmer,TB,SF,C,3,HITCH,11:16,1,2,51.301195172095944
11,2023111908,3215,Chris Godwin Jr.,TB,SF,C,8,HITCH,10:50,2,2,83.29021309785817
11,2023111908,438,George Kittle,SF,TB,C,2,IN,08:28,2,2,83.21926031570486
11,2023111909,282,Garrett Wilson,NYJ,BUF,I,24,GO,12:17,3,2,83.24445156898129
11,2023111909,3527,Garrett Wilson,NYJ,BUF,C,4,HITCH,00:17,3,2,83.33323266841366
11,2023111909,394,Dalton Kincaid,BUF,NYJ,C,9,IN,10:55,3,2,77.62454361347493
11,2023111909,623,Quintin Morris,BUF,NYJ,I,12,OUT,06:12,2,2,83.33143694551588
11,2023111910,1295,Jake Bobo,SEA,LA,I,4,OUT,09:14,2,2,68.15827969393565
11,2023111910,1522,DK Metcalf,SEA,LA,C,33,GO,07:13,2,2,79.71291918248914
11,2023111910,3280,Demarcus Robinson,LA,SEA,C,18,HITCH,12:23,1,2,82.55918902994523
11,2023111910,3391,Tyler Higbee,LA,SEA,C,8,FLAT,09:54,2,2,82.73928739477542
11,2023111910,3721,Puka Nacua,LA,SEA,C,26,IN,06:43,1,2,78.51803164245473
11,2023111910,3793,Tutu Atwell,LA,SEA,I,12,HITCH,05:52,2,2,82.78163437947171
11,2023111910,942,Will Dissly,SEA,LA,C,4,IN,01:09,2,2,83.33333333333317
11,2023111911,1833,Jerry Jeudy,DEN,MIN,I,34,GO,00:11,3,2,81.22582948270417
11,2023111911,2457,Marvin Mims Jr.,DEN,MIN,I,43,GO,06:39,3,2,71.7768301796681
11,2023111911,3254,Jordan Addison,MIN,DEN,I,11,IN,09:30,3,2,83.22109360113488
11,2023111911,3724,Courtland Sutton,DEN,MIN,C,13,SLANT,02:27,4,2,82.94313890304107
11,2023111911,4162,K.J. Osborn,MIN,DEN,I,33,POST,00:23,4,2,78.72078468023503
11,2023112000,3695,Marquez Valdes-Scantling,KC,PHI,I,14,HITCH,05:51,2,2,75.23933465020822
11,2023112000,3982,Rashee Rice,KC,PHI,C,5,CROSS,02:49,1,2,68.91288726438222
12,2023112300,2157,Jameson Williams,DET,GB,I,36,GO,00:20,3,2,83.28950896089655
12,2023112300,2552,AJ Dillon,GB,DET,C,4,ANGLE,11:46,1,2,83.333333324695
12,2023112300,3743,Sam LaPorta,DET,GB,I,12,OUT,06:53,4,2,83.32835656726388
12,2023112301,1238,Logan Thomas,WAS,DAL,C,2,CROSS,12:10,3,2,83.33026290361163
12,2023112301,3534,Logan Thomas,WAS,DAL,I,14,OUT,09:34,1,2,80.80630110727965
12,2023112301,3831,Cole Turner,WAS,DAL,C,13,GO,05:30,3,2,38.16409826268394
12,2023112301,930,CeeDee Lamb,DAL,WAS,I,15,GO,00:57,1,2,83.29951493940368
12,2023112302,1428,Brandon Aiyuk,SF,SEA,I,19,CROSS,06:50,1,2,83.33045682336036
12,2023112302,2256,DK Metcalf,SEA,SF,I,38,GO,13:27,1,2,82.48263894793983
12,2023112302,2538,George Kittle,SF,SEA,I,19,CROSS,09:56,3,2,83.33325323067375
12,2023112400,1121,Tyreek Hill,MIA,NYJ,I,5,CROSS,12:30,1,2,81.3460503857041
12,2023112400,2007,Tyreek Hill,MIA,NYJ,IN,6,CROSS,00:09,3,2,50.51581910162328
12,2023112400,829,Durham Smythe,MIA,NYJ,I,1,CROSS,01:33,3,2,80.94866008323892
12,2023112600,1526,Juwan Johnson,NO,ATL,I,3,CROSS,08:56,1,2,83.3333308738637
12,2023112600,2005,Keith Smith,ATL,NO,C,3,OUT,01:56,2,2,83.33327660417733
12,2023112600,3292,Drake London,ATL,NO,C,14,HITCH,12:39,1,2,72.23494792484273
12,2023112600,4004,Lynn Bowden,NO,ATL,I,19,GO,01:42,2,2,82.6411274167172
12,2023112600,614,Drake London,ATL,NO,C,24,POST,07:06,1,2,76.83552985933694
12,2023112600,728,Juwan Johnson,NO,ATL,C,19,CROSS,05:03,1,2,62.72855150904687
12,2023112601,1218,Diontae Johnson,PIT,CIN,I,4,HITCH,08:27,3,2,81.95906916473862
12,2023112601,1364,Pat Freiermuth,PIT,CIN,C,6,OUT,06:25,1,2,83.33333326504882
12,2023112601,1566,Ja'Marr Chase,CIN,PIT,I,6,IN,02:00,1,2,83.27523789176506
12,2023112601,2883,George Pickens,PIT,CIN,I,27,GO,12:38,2,2,83.32331830710483
12,2023112601,3510,Andrei Iosivas,CIN,PIT,I,24,GO,02:40,1,2,83.12780904202742
12,2023112601,3533,Tyler Boyd,CIN,PIT,C,8,HITCH,02:33,2,2,83.33333333296217
12,2023112602,1805,Tank Dell,HOU,JAX,C,1,CROSS,00:42,1,2,83.33333333333309
12,2023112602,3605,Robert Woods,HOU,JAX,I,10,HITCH,07:05,1,2,83.21494557093246
12,2023112602,3660,Dameon Pierce,HOU,JAX,C,4,ANGLE,06:31,1,2,83.31977215605994
12,2023112602,3831,Luke Farrell,JAX,HOU,I,11,CROSS,03:17,2,2,82.99600920015237
12,2023112602,80,Andrew Beck,HOU,JAX,C,0,FLAT,14:34,1,2,82.88124888360895
12,2023112603,1566,Michael Pittman,IND,TB,I,6,SLANT,07:22,1,2,49.46032974148111
12,2023112603,1667,Payne Durham,TB,IND,C,9,FLAT,05:55,2,2,82.56850438293965
12,2023112603,174,Mike Evans,TB,IND,I,30,GO,11:29,1,2,80.56588508747316
12,2023112603,1767,Michael Pittman,IND,TB,I,15,HITCH,05:08,1,2,82.69484787270532
12,2023112603,1809,Josh Downs,IND,TB,I,6,HITCH,04:58,2,2,83.24998164980134
12,2023112603,444,Chris Godwin Jr.,TB,IND,I,3,CORNER,07:36,3,2,79.33999660025242
12,2023112603,607,Alec Pierce,IND,TB,C,6,IN,06:08,1,2,83.29877164553756
12,2023112604,2581,Jalin Hyatt,NYG,NE,C,41,GO,06:40,3,2,83.1050746459404
12,2023112604,2983,Darius Slayton,NYG,NE,I,17,GO,15:00,2,2,70.27111954385893
12,2023112604,3159,JuJu Smith-Schuster,NE,NYG,IN,15,CROSS,12:40,1,2,74.44330097945908
12,2023112604,950,DeMario Douglas,NE,NYG,IN,22,CROSS,00:09,2,4,100
12,2023112605,878,Adam Thielen,CAR,TEN,I,17,IN,13:34,1,2,59.63420955059671
12,2023112606,1658,Marquise Brown,ARI,LA,C,5,HITCH,03:05,2,3,100
12,2023112606,2046,Puka Nacua,LA,ARI,IN,9,IN,00:21,2,2,72.21292669780446
12,2023112606,2475,Marquise Brown,ARI,LA,I,9,SLANT,13:00,1,2,83.3333333331676
12,2023112606,3404,Greg Dortch,ARI,LA,I,11,HITCH,12:09,2,2,70.2892358245177
12,2023112606,3860,Trey McBride,ARI,LA,C,3,OUT,06:01,2,2,62.606680861475795
12,2023112606,942,Marquise Brown,ARI,LA,I,10,SLANT,00:33,1,2,66.13620372879554
12,2023112607,107,Amari Cooper,CLE,DEN,I,5,CROSS,13:50,3,2,65.60523238851725
12,2023112607,1641,Jerome Ford,CLE,DEN,I,6,HITCH,06:07,3,2,64.76531056883073
12,2023112607,1984,Jerome Ford,CLE,DEN,I,-1,FLAT,02:39,1,2,83.19492231794443
12,2023112608,173,Jakobi Meyers,LV,KC,C,4,HITCH,11:37,3,2,83.31777900103579
12,2023112608,3033,Noah Gray,KC,LV,C,5,HITCH,08:25,2,2,71.36164473826234
12,2023112608,332,Travis Kelce,KC,LV,I,16,HITCH,08:51,2,2,83.33333332965458
12,2023112608,463,Jakobi Meyers,LV,KC,C,15,GO,07:23,3,2,82.78534675205495
12,2023112609,1007,Latavius Murray,BUF,PHI,C,3,ANGLE,01:06,1,2,77.33356782173169
12,2023112609,2002,Gabe Davis,BUF,PHI,I,9,HITCH,02:10,1,2,83.06535439754866
12,2023112609,2513,Stefon Diggs,BUF,PHI,C,13,CROSS,00:21,3,2,79.49560468328967
12,2023112609,2845,Latavius Murray,BUF,PHI,I,1,ANGLE,10:49,1,2,82.76141513095973
12,2023112609,3631,Stefon Diggs,BUF,PHI,IN,2,OUT,12:52,2,2,79.20319806405807
12,2023112609,580,Gabe Davis,BUF,PHI,I,22,HITCH,06:50,3,2,83.00139868120185
12,2023112610,1830,Keenan Allen,LAC,BAL,C,9,HITCH,00:55,2,2,83.33326636827859
12,2023112610,1979,Rashod Bateman,BAL,LAC,I,21,OUT,00:08,4,2,83.04039648593464
12,2023112610,2354,Quentin Johnston,LAC,BAL,I,5,HITCH,10:09,3,2,76.28761173492906
12,2023112610,2865,Quentin Johnston,LAC,BAL,I,12,HITCH,02:22,2,2,83.33329305264512
12,2023112610,3724,Zay Flowers,BAL,LAC,C,-3,SCREEN,06:30,1,2,83.33333333329573
12,2023112610,710,Jalen Guyton,LAC,BAL,I,27,POST,02:18,3,2,77.45737520493205
12,2023112700,1011,Darnell Mooney,CHI,MIN,I,26,HITCH,10:46,3,2,83.30630475585359
12,2023112700,1705,Brandon Powell,MIN,CHI,C,26,GO,01:12,2,2,81.3677531375662
12,2023112700,2491,Jordan Addison,MIN,CHI,C,5,HITCH,04:09,2,2,83.33143841943172
12,2023112700,2541,K.J. Osborn,MIN,CHI,IN,13,IN,02:46,4,2,65.75392640581505
13,2023113000,1368,CeeDee Lamb,DAL,SEA,I,7,CROSS,11:46,1,2,83.31295431212983
13,2023113000,263,Jake Ferguson,DAL,SEA,I,12,CORNER,11:10,2,2,82.74017948662473
13,2023113000,4021,CeeDee Lamb,DAL,SEA,I,19,POST,11:31,3,2,77.63891018561324
13,2023113000,4523,Jake Ferguson,DAL,SEA,C,12,WHEEL,04:41,2,2,83.33210456408062
13,2023120300,1247,Gerald Everett,LAC,NE,I,15,GO,09:22,2,2,82.93448376758305
13,2023120300,1926,Jalen Guyton,LAC,NE,I,20,GO,01:00,2,2,74.50272638598202
13,2023120300,2302,DeVante Parker,NE,LAC,I,30,GO,12:31,1,2,83.33295106800975
13,2023120300,2728,Quentin Johnston,LAC,NE,I,20,CROSS,03:38,3,2,83.040278539368515
13,2023120300,2794,DeVante Parker,NE,LAC,C,27,GO,03:23,1,2,83.3298015674064
13,2023120300,2885,Hunter Henry,NE,LAC,C,8,IN,02:21,3,2,83.3333231379342
13,2023120300,3695,DeVante Parker,NE,LAC,I,9,IN,02:10,3,2,83.33333333333317
13,2023120301,2032,Amon-Ra St. Brown,DET,NO,C,18,POST,02:00,3,2,70.42693956981617
13,2023120301,2146,Amon-Ra St. Brown,DET,NO,I,8,GO,00:22,2,3,95.0336273396482
13,2023120301,2345,Chris Olave,NO,DET,I,41,CROSS,13:47,1,2,76.7453762627089
13,2023120301,2724,Chris Olave,NO,DET,C,18,HITCH,08:11,1,2,83.08866861074131
13,2023120301,325,Juwan Johnson,NO,DET,IN,5,CROSS,11:15,1,2,83.27931602348335
13,2023120301,632,Amon-Ra St. Brown,DET,NO,C,5,IN,08:21,1,2,81.81312779248815
13,2023120302,1246,MyCole Pruitt,ATL,NYJ,C,20,GO,10:10,2,2,75.00356256438451
13,2023120302,174,Kyle Pitts,ATL,NYJ,I,12,HITCH,12:19,3,2,81.01170713608809
13,2023120302,1768,Cordarrelle Patterson,ATL,NYJ,C,6,HITCH,02:43,2,2,83.33333328960268
13,2023120302,1978,Tyler Conklin,NYJ,ATL,I,22,GO,01:28,3,2,83.18484321608835
13,2023120302,3121,Garrett Wilson,NYJ,ATL,I,4,IN,03:33,2,2,83.3333331923843
13,2023120302,3715,Dalvin Cook,NYJ,ATL,I,2,OUT,11:34,1,2,83.33333333301195
13,2023120302,3813,Drake London,ATL,NYJ,I,46,GO,10:47,1,2,82.8086849211198
13,2023120302,4502,Xavier Gipson,NYJ,ATL,I,28,POST,01:34,1,2,82.13166396116266
13,2023120303,2994,Connor Heyward,PIT,ARI,I,26,GO,03:28,3,2,82.12446855161608
13,2023120303,3747,Allen Robinson,PIT,ARI,C,4,HITCH,06:49,2,2,73.15049629552566
13,2023120304,2208,Adam Thielen,CAR,TB,I,27,POST,00:11,3,2,71.65557197872396
13,2023120304,2588,Chris Godwin Jr.,TB,CAR,I,29,CORNER,10:10,1,2,82.70770431827772
13,2023120304,2618,Deven Thompkins,TB,CAR,C,4,IN,10:04,2,2,70.90550166696411
13,2023120304,3960,Mike Evans,TB,CAR,C,6,OUT,05:02,1,2,83.32704596685514
13,2023120304,443,Mike Evans,TB,CAR,C,4,HITCH,09:34,1,2,83.32608547757651
13,2023120304,538,Trey Palmer,TB,CAR,I,11,HITCH,07:38,2,2,83.30605404112606
13,2023120305,1112,DeAndre Hopkins,TEN,IND,I,6,IN,00:21,3,2,82.6119411189475
13,2023120305,114,Chig Okonkwo,TEN,IND,I,22,GO,13:31,1,2,81.79164697121625
13,2023120305,2416,Michael Pittman,IND,TEN,C,5,HITCH,00:19,2,2,83.21722653623664
13,2023120305,2891,Michael Pittman,IND,TEN,I,7,HITCH,08:16,1,2,83.32880829069389
13,2023120305,5135,Alec Pierce,IND,TEN,C,38,GO,03:05,1,2,83.20243305941287
13,2023120306,1428,Jaylen Waddle,MIA,WAS,I,50,GO,10:12,1,2,74.7116354554606
13,2023120306,1620,Jahan Dotson,WAS,MIA,I,6,CROSS,07:07,1,2,83.17169196548662
13,2023120306,3120,Jaylen Waddle,MIA,WAS,I,2,ANGLE,11:34,3,2,83.33333313960664
13,2023120306,672,Alec Ingold,MIA,WAS,C,-3,SCREEN,05:14,2,2,76.81882804840188
13,2023120307,1208,Marvin Mims Jr.,DEN,HOU,I,50,GO,11:27,1,2,74.57709415247157
13,2023120307,1671,Courtland Sutton,DEN,HOU,I,26,GO,04:02,2,2,83.2988253631091
13,2023120307,169,Courtland Sutton,DEN,HOU,I,44,POST,13:03,2,2,65.38702015865493
13,2023120307,1975,John Metchie III,HOU,DEN,I,32,HITCH,00:35,2,2,83.26645891053033
13,2023120307,495,Nico Collins,HOU,DEN,C,49,GO,08:11,1,2,83.29927513970055
13,2023120308,1866,Elijah Moore,CLE,LA,C,42,GO,04:37,1,2,83.33255825244102
13,2023120308,2207,Cooper Kupp,LA,CLE,I,3,FLAT,01:03,1,2,83.33333333331582
13,2023120308,2635,Cedric Tillman,CLE,LA,I,11,GO,12:32,1,2,83.2896931438009
13,2023120308,3449,David Njoku,CLE,LA,I,20,FLAT,00:39,1,2,83.1948665940967
13,2023120308,55,Amari Cooper,CLE,LA,C,6,HITCH,15:00,1,2,6.937302773137185
13,2023120308,750,Harrison Bryant,CLE,LA,C,19,POST,03:59,1,2,81.59486952045503
13,2023120309,3993,Kenneth Gainwell,PHI,SF,C,6,ANGLE,03:35,1,2,83.33333330488716
13,2023120309,4042,D'Andre Swift,PHI,SF,I,5,ANGLE,03:01,2,2,83.14581902755361
13,2023120310,2231,Jayden Reed,GB,KC,C,6,HITCH,07:40,3,2,83.07172338593232
13,2023120310,2256,Romeo Doubs,GB,KC,C,33,CORNER,06:56,4,2,73.84712479504061
13,2023120310,2888,Romeo Doubs,GB,KC,I,19,GO,12:01,1,2,81.73058103409191
13,2023120310,2911,Dontayvion Wicks,GB,KC,I,12,GO,11:57,2,2,83.33075849954216
13,2023120310,3005,Marquez Valdes-Scantling,KC,GB,I,30,GO,11:03,2,3,100
13,2023120400,1284,Calvin Ridley,JAX,CIN,C,20,GO,07:08,2,2,82.36498109944841
13,2023120400,1803,Calvin Ridley,JAX,CIN,I,34,GO,00:35,3,2,83.14834684305971
13,2023120400,2160,Zay Jones,JAX,CIN,C,22,CROSS,11:45,1,2,64.45871969312897
13,2023120400,3821,Zay Jones,JAX,CIN,I,49,GO,02:00,2,2,82.87835703232422
13,2023120400,4462,Ja'Marr Chase,CIN,JAX,C,17,IN,04:55,2,2,74.14169899364059
13,2023120400,574,Ja'Marr Chase,CIN,JAX,C,-2,SCREEN,04:31,1,2,76.66400371224196
14,2023120700,1533,Hunter Henry,NE,PIT,C,22,GO,07:43,1,2,78.73775861080911
14,2023120700,2820,JuJu Smith-Schuster,NE,PIT,IN,3,CROSS,01:09,1,2,83.33333322805716
14,2023120700,3529,Pat Freiermuth,PIT,NE,I,12,HITCH,05:13,3,2,83.21629596213482
14,2023120700,794,JuJu Smith-Schuster,NE,PIT,C,17,CROSS,03:13,1,2,82.67737600034663
14,2023121000,1724,Cade Otton,TB,ATL,I,8,IN,01:16,3,2,83.33029977285094
14,2023121000,1813,Drake London,ATL,TB,C,15,IN,00:40,2,2,79.93072014943448
14,2023121000,1875,Jonnu Smith,ATL,TB,I,3,SLANT,00:30,2,2,81.39819598137622
14,2023121000,196,Trey Palmer,TB,ATL,C,4,SLANT,11:06,2,2,81.71513746677861
14,2023121000,3630,Cade Otton,TB,ATL,I,26,GO,07:13,1,3,100
14,2023121000,3769,Drake London,ATL,TB,C,40,GO,06:10,1,2,70.42888576307928
14,2023121000,707,Mike Evans,TB,ATL,I,6,SLANT,01:23,1,2,83.33067918483366
14,2023121001,1251,Odell Beckham,BAL,LA,I,8,SLANT,10:44,2,2,80.70397795334402
14,2023121001,1563,Tutu Atwell,LA,BAL,I,20,CROSS,05:59,1,2,69.32797852785214
14,2023121001,2020,Odell Beckham,BAL,LA,I,13,SLANT,01:45,1,2,81.06135970375006
14,2023121001,4145,Zay Flowers,BAL,LA,C,4,HITCH,04:14,2,2,81.54138344709048
14,2023121001,4750,Odell Beckham,BAL,LA,I,46,SLANT,09:18,2,2,80.3717363484499
14,2023121001,4859,Kyren Williams,LA,BAL,I,8,FLAT,08:16,2,3,100
14,2023121002,1617,Sam LaPorta,DET,CHI,C,10,HITCH,03:54,3,2,83.27914198848545
14,2023121002,2467,Josh Reynolds,DET,CHI,I,7,CROSS,08:38,1,2,70.85082129214784
14,2023121002,2757,Sam LaPorta,DET,CHI,I,9,IN,04:19,3,2,36.83110380251195
14,2023121002,3544,DJ Moore,CHI,DET,C,9,CROSS,10:09,2,2,75.18907494010077
14,2023121002,938,Amon-Ra St. Brown,DET,CHI,I,5,HITCH,15:00,1,2,43.52921311767864
14,2023121003,3375,Zack Moss,IND,CIN,I,2,FLAT,09:33,1,2,83.1712621452868
14,2023121003,954,Ja'Marr Chase,CIN,IND,I,16,CORNER,13:34,1,2,83.32704981228366
14,2023121004,1196,Amari Cooper,CLE,JAX,C,15,GO,00:05,1,2,83.32094946944572
14,2023121004,1364,Zay Jones,JAX,CLE,IN,53,POST,13:36,1,2,82.1966861399095
14,2023121004,2194,Calvin Ridley,JAX,CLE,IN,16,POST,01:55,1,2,82.53547999791675
14,2023121004,2313,David Njoku,CLE,JAX,C,15,HITCH,01:42,2,2,82.5008352595316
14,2023121004,2522,Zay Jones,JAX,CLE,I,14,HITCH,01:02,2,2,76.19592831157296
14,2023121004,357,Cedric Tillman,CLE,JAX,I,3,OUT,09:18,1,2,76.38091304915228
14,2023121004,3848,Amari Cooper,CLE,JAX,C,6,SLANT,14:10,1,2,83.2713116525994
14,2023121004,4140,Zay Jones,JAX,CLE,I,15,GO,09:34,1,2,83.03728964543816
14,2023121004,4841,Elijah Moore,CLE,JAX,I,4,SLANT,03:19,3,2,83.33333333332898
14,2023121005,1208,D.J. Chark,CAR,NO,I,18,POST,09:27,3,2,78.31001598092413
14,2023121005,1345,Lynn Bowden,NO,CAR,C,4,HITCH,07:28,1,2,80.9528362495924
14,2023121005,190,Juwan Johnson,NO,CAR,C,4,HITCH,13:21,2,2,83.33291571336945
14,2023121005,215,Foster Moreau,NO,CAR,C,0,FLAT,13:00,1,2,83.0863257532873
14,2023121005,3468,Jonathan Mingo,CAR,NO,I,16,GO,05:54,1,2,83.29994192277026
14,2023121005,3722,Jonathan Mingo,CAR,NO,I,10,HITCH,04:05,2,2,83.33333333224759
14,2023121005,574,Alvin Kamara,NO,CAR,C,4,OUT,05:42,2,2,80.06942818689478
14,2023121006,1062,Noah Brown,HOU,NYJ,I,52,GO,11:58,3,2,83.15226680119162
14,2023121006,2085,Garrett Wilson,NYJ,HOU,C,13,HITCH,14:25,2,2,83.33101315348117
14,2023121006,2296,Xavier Hutchinson,HOU,NYJ,I,9,CROSS,11:05,1,2,79.75488464686188
14,2023121006,2413,Jeremy Ruckert,NYJ,HOU,C,11,GO,08:49,2,2,79.91160323664666
14,2023121007,3240,T.J. Hockenson,MIN,LV,C,23,CROSS,09:10,1,2,83.12216170606199
14,2023121007,4041,Davante Adams,LV,MIN,C,7,HITCH,00:07,1,4,100
14,2023121007,62,Davante Adams,LV,MIN,C,3,HITCH,14:54,1,2,83.00724438633354
14,2023121008,1383,Deebo Samuel Sr.,SF,SEA,C,39,CROSS,08:26,3,2,82.47815005350682
14,2023121008,1954,Noah Fant,SEA,SF,I,6,OUT,14:51,2,2,76.50442652093984
14,2023121008,2082,Christian McCaffrey,SF,SEA,C,5,SLANT,12:43,1,2,83.3333333032195
14,2023121008,2436,Brandon Aiyuk,SF,SEA,I,12,POST,05:08,1,2,83.33030616133962
14,2023121008,2904,DK Metcalf,SEA,SF,IN,37,CORNER,14:08,1,2,79.26316146953015
14,2023121008,459,George Kittle,SF,SEA,I,11,IN,08:17,3,2,82.81410369497404
14,2023121009,1272,Richie James,KC,BUF,I,21,POST,10:48,2,2,83.30038457809839
14,2023121009,153,Travis Kelce,KC,BUF,I,31,CROSS,12:44,1,2,83.32967337569073
14,2023121009,2657,Marquez Valdes-Scantling,KC,BUF,C,2,HITCH,08:38,1,2,83.32481446839478
14,2023121009,3234,Dalton Kincaid,BUF,KC,I,16,HITCH,00:31,2,2,74.9176900780094
14,2023121010,1459,Donald Parham,LAC,DEN,C,9,IN,05:19,2,2,83.33303267572293
14,2023121010,1783,Gerald Everett,LAC,DEN,I,4,HITCH,01:48,2,2,83.26478538903226
14,2023121010,1991,Jerry Jeudy,DEN,LAC,I,20,CROSS,00:41,2,2,83.32969054614624
14,2023121010,2665,Courtland Sutton,DEN,LAC,C,46,GO,06:05,1,2,83.33259511219254
14,2023121010,322,Quentin Johnston,LAC,DEN,I,6,POST,10:58,3,2,83.31443958422545
14,2023121010,3334,Keenan Allen,LAC,DEN,I,15,IN,14:03,4,3,100
14,2023121010,99,Keenan Allen,LAC,DEN,I,21,CROSS,13:52,1,2,82.80416223180178
14,2023121011,1214,DeVonta Smith,PHI,DAL,I,17,CORNER,15:00,3,2,63.54829267145904
14,2023121011,2044,Tony Pollard,DAL,PHI,C,2,FLAT,01:48,1,2,83.33322730186174
14,2023121011,2074,Michael Gallup,DAL,PHI,C,8,HITCH,01:43,2,2,83.33331488118228
14,2023121011,2721,CeeDee Lamb,DAL,PHI,I,33,GO,12:58,2,3,100.00000000000004
14,2023121011,2805,DeVonta Smith,PHI,DAL,I,19,OUT,12:02,1,2,73.6600238325346
14,2023121011,3091,Michael Gallup,DAL,PHI,I,9,SLANT,09:25,1,2,83.33333333333333
14,2023121011,3480,DeVonta Smith,PHI,DAL,I,33,GO,01:33,2,3,100
14,2023121011,3701,Jake Ferguson,DAL,PHI,I,2,HITCH,12:54,2,2,72.98558632625254
14,2023121100,103,DeAndre Hopkins,TEN,MIA,I,7,SLANT,13:35,3,2,83.12534904415676
14,2023121100,1560,Cedrick Wilson Jr.,MIA,TEN,I,10,IN,02:35,2,2,83.33333316259196
14,2023121100,1862,De'Von Achane,MIA,TEN,I,13,IN,00:46,3,3,100
14,2023121100,2045,DeAndre Hopkins,TEN,MIA,C,45,GO,00:18,1,2,82.32465190255729
14,2023121100,2100,DeAndre Hopkins,TEN,MIA,I,10,SLANT,00:08,2,2,83.29132670996862
14,2023121100,2868,DeAndre Hopkins,TEN,MIA,I,18,GO,03:49,1,2,83.33333085462078
14,2023121100,578,Chig Okonkwo,TEN,MIA,C,11,IN,07:40,2,2,83.02998953484935
14,2023121100,994,Nick Westbrook-Ikhine,TEN,MIA,C,4,CROSS,14:06,1,2,83.30240414076793
14,2023121101,1100,Isaiah Hodgins,NYG,GB,C,14,POST,13:58,2,2,74.6946589915187
14,2023121101,1833,Tucker Kraft,GB,NYG,C,4,HITCH,02:02,2,2,83.33333331348683
14,2023121101,229,Dontayvion Wicks,GB,NYG,I,7,OUT,12:23,3,2,83.30575807464598
14,2023121101,2907,Wan'Dale Robinson,NYG,GB,C,25,GO,03:43,1,2,78.27899363033146
14,2023121101,3636,Samori Toure,GB,NYG,I,30,GO,05:41,3,2,83.195496473191
15,2023121400,1480,Davante Adams,LV,LAC,I,13,CROSS,10:46,1,2,51.17820512255924
15,2023121400,1751,Quentin Johnston,LAC,LV,C,16,GO,08:20,2,2,59.130111601258875
15,2023121400,192,Tre Tucker,LV,LAC,I,44,GO,12:54,2,2,82.79610648778988
15,2023121400,2467,Jakobi Meyers,LV,LAC,I,11,HITCH,12:51,1,2,77.79522547658108
15,2023121400,260,Davante Adams,LV,LAC,C,3,HITCH,12:07,2,3,100
15,2023121400,2967,Michael Mayer,LV,LAC,C,4,OUT,05:47,3,2,83.33328606082296
15,2023121400,3115,Gerald Everett,LAC,LV,C,4,HITCH,02:55,2,2,82.50602140802798
15,2023121400,390,Jakobi Meyers,LV,LAC,I,4,OUT,09:01,1,2,83.33280066773554
15,2023121400,660,Davante Adams,LV,LAC,I,12,GO,05:29,2,2,82.81575007537931
15,2023121600,1910,Tee Higgins,CIN,MIN,I,40,GO,00:17,2,2,83.32428354657533
15,2023121600,2136,Justin Jefferson,MIN,CIN,C,12,OUT,13:42,2,2,82.71609744577692
15,2023121600,2428,Irv Smith,CIN,MIN,IN,18,OUT,09:15,2,2,76.25765161150098
15,2023121600,4168,Tee Higgins,CIN,MIN,I,40,HITCH,08:41,3,2,82.99046385846319
15,2023121600,4385,Tyler Boyd,CIN,MIN,C,20,IN,05:31,3,2,83.15627635218668
15,2023121601,1378,George Pickens,PIT,IND,IN,39,POST,09:39,1,2,83.01379926949025
15,2023121601,3562,Allen Robinson,PIT,IND,C,6,HITCH,08:28,1,3,100
15,2023121602,1139,Sam LaPorta,DET,DEN,C,2,CROSS,12:41,1,2,83.13228062641956
15,2023121700,108,Rachaad White,TB,GB,C,6,ANGLE,13:52,2,2,83.33333333051381
15,2023121700,2318,Dontayvion Wicks,GB,TB,C,5,CROSS,08:52,1,2,83.0148585120666
15,2023121700,2443,Malik Heath,GB,TB,C,15,GO,06:44,1,2,74.77846311742628
15,2023121700,2553,Jayden Reed,GB,TB,C,17,CORNER,04:26,3,2,82.77211928329025
15,2023121700,3430,Romeo Doubs,GB,TB,C,12,HITCH,06:26,1,3,100
15,2023121701,1300,Jaylen Waddle,MIA,NYJ,C,41,GO,07:51,1,2,79.27097823851848
15,2023121701,1742,Cedrick Wilson Jr.,MIA,NYJ,I,6,OUT,02:20,1,2,83.33333253391261
15,2023121701,3304,Randall Cobb,NYJ,MIA,I,5,IN,08:41,2,2,83.33333333329443
15,2023121701,3732,Randall Cobb,NYJ,MIA,I,37,GO,02:57,3,2,82.92452992782083
15,2023121701,545,Tyler Conklin,NYJ,MIA,I,14,GO,06:29,1,2,83.33333324895044
15,2023121702,1574,Jalin Hyatt,NYG,NO,I,5,SLANT,02:55,1,2,83.11964717082732
15,2023121702,178,Saquon Barkley,NYG,NO,C,15,FLAT,12:44,2,2,81.74496829266138
15,2023121702,3643,Isaiah Hodgins,NYG,NO,I,18,GO,04:03,1,2,83.33300874883298
15,2023121702,3834,Eric Gray,NYG,NO,I,10,HITCH,02:04,4,3,92.65470853209928
15,2023121703,338,Nick Westbrook-Ikhine,TEN,HOU,C,33,GO,08:10,3,2,76.89430004505117
15,2023121703,3571,DeAndre Hopkins,TEN,HOU,I,34,POST,02:57,2,2,80.68285865726936
15,2023121703,4421,DeAndre Hopkins,TEN,HOU,I,21,GO,02:47,1,2,80.46603085318745
15,2023121703,564,Noah Brown,HOU,TEN,C,3,OUT,06:32,2,2,83.00536770000187
15,2023121703,652,Xavier Hutchinson,HOU,TEN,I,1,CROSS,04:50,3,2,83.33302734427782
15,2023121704,1010,Deebo Samuel Sr.,SF,ARI,I,17,IN,14:11,1,2,83.2348348308579
15,2023121704,2170,Deebo Samuel Sr.,SF,ARI,I,6,CROSS,14:20,2,2,68.62078320301562
15,2023121704,3429,Deebo Samuel Sr.,SF,ARI,C,19,GO,07:14,2,2,83.02961864116786
15,2023121704,386,Brandon Aiyuk,SF,ARI,I,31,GO,08:43,1,2,83.05117443272103
15,2023121704,409,Deebo Samuel Sr.,SF,ARI,C,15,CROSS,08:37,2,2,83.33323450163321
15,2023121704,697,Trey McBride,ARI,SF,IN,8,HITCH,04:33,4,2,83.33040482309818
15,2023121705,1547,John Bates,WAS,LA,I,20,POST,02:15,1,2,75.90338080599392
15,2023121705,2470,Terry McLaurin,WAS,LA,I,20,GO,10:38,3,2,74.51917260133601
15,2023121705,2573,Tyler Higbee,LA,WAS,I,11,OUT,09:32,3,2,83.14696606131346
15,2023121705,2734,Dyami Brown,WAS,LA,I,24,CORNER,07:20,1,2,80.60255633958057
15,2023121705,3372,Terry McLaurin,WAS,LA,IN,15,HITCH,13:25,1,2,78.74252016726344
15,2023121706,3057,CeeDee Lamb,DAL,BUF,I,32,POST,11:58,2,2,68.56242172482833
15,2023121706,3345,Michael Gallup,DAL,BUF,C,7,HITCH,08:18,1,2,82.73374701682214
15,2023121706,3629,CeeDee Lamb,DAL,BUF,C,5,SLANT,04:23,1,2,81.90105073204424
15,2023121706,433,Brandin Cooks,DAL,BUF,I,52,POST,07:31,2,2,77.81192458380004
15,2023121708,1103,Nelson Agholor,BAL,JAX,IN,8,HITCH,11:47,2,2,83.33323458887624
15,2023121708,1842,Zay Jones,JAX,BAL,I,42,GO,01:04,1,2,83.32163137759599
15,2023121708,2716,Travis Etienne,JAX,BAL,C,4,ANGLE,03:36,2,2,83.33332966680167
15,2023121708,3436,Zay Jones,JAX,BAL,I,40,GO,08:00,1,2,82.79214611833198
15,2023121708,3559,Odell Beckham,BAL,JAX,I,16,GO,06:10,3,2,70.4752877020338
15,2023121708,3707,Parker Washington,JAX,BAL,I,20,POST,04:34,1,2,82.70620156673438
15,2023121708,3972,Evan Engram,JAX,BAL,I,13,HITCH,03:24,4,2,64.71140155107769
15,2023121708,889,Zay Jones,JAX,BAL,C,9,HITCH,15:00,1,3,98.26563319627364
15,2023121709,1489,Jonnu Smith,ATL,CAR,C,22,CROSS,06:06,1,2,83.3332611873919
15,2023121709,175,Kyle Pitts,ATL,CAR,C,7,CROSS,11:58,1,2,81.83623283870331
15,2023121709,2997,Kyle Pitts,ATL,CAR,I,11,OUT,12:36,2,2,83.07242071763602
15,2023121710,1622,Amari Cooper,CLE,CHI,C,39,POST,08:49,3,2,83.24051503836012
15,2023121710,2756,David Njoku,CLE,CHI,C,1,CROSS,12:32,3,2,83.26287370421869
15,2023121710,3504,DJ Moore,CHI,CLE,I,5,HITCH,00:16,2,3,100
15,2023121710,4514,Amari Cooper,CLE,CHI,I,16,POST,01:39,1,2,83.32769862136409
15,2023121711,100,DeVante Parker,NE,KC,C,3,HITCH,14:14,2,2,79.62205550472498
15,2023121711,2276,Travis Kelce,KC,NE,I,11,CORNER,10:37,3,2,82.96834276077541
15,2023121711,2349,Hunter Henry,NE,KC,IN,10,IN,10:22,1,2,75.62328655473827
15,2023121801,2596,Dallas Goedert,PHI,SEA,C,10,HITCH,06:10,2,2,80.53936639129185
15,2023121801,2733,Tyler Lockett,SEA,PHI,I,48,POST,04:43,1,2,83.08074779310707
16,2023122100,1185,Chris Olave,NO,LA,C,14,HITCH,10:23,1,2,82.80463383078798
16,2023122100,1210,Rashid Shaheed,NO,LA,I,4,OUT,09:42,1,2,83.08554279988441
16,2023122100,1402,Demarcus Robinson,LA,NO,C,9,IN,07:00,3,2,82.54750641705255
16,2023122100,1688,Demarcus Robinson,LA,NO,C,5,HITCH,02:28,1,2,81.64360389375732
16,2023122100,1839,Rashid Shaheed,NO,LA,I,6,SLANT,01:06,2,2,82.49646623734075
16,2023122100,2182,Puka Nacua,LA,NO,C,39,GO,15:00,1,3,100.00000000000004
16,2023122100,2578,Juwan Johnson,NO,LA,IN,16,CROSS,08:38,3,2,57.13980249377371
16,2023122100,2868,Chris Olave,NO,LA,I,16,HITCH,02:59,2,2,81.57439508213042
16,2023122100,3168,Cooper Kupp,LA,NO,I,0,CROSS,13:36,2,2,82.82450081214698
16,2023122100,820,Foster Moreau,NO,LA,I,13,HITCH,00:40,2,2,80.45530866068452
16,2023122300,2557,Tee Higgins,CIN,PIT,I,2,SLANT,07:33,2,2,83.33202037501128
16,2023122300,2804,Tyler Boyd,CIN,PIT,C,5,HITCH,03:24,1,2,83.33156972198893
16,2023122300,333,Trenton Irwin,CIN,PIT,C,6,HITCH,10:07,2,2,82.23080634752623
16,2023122301,1049,Gerald Everett,LAC,BUF,C,9,SCREEN,14:39,2,2,47.87021651023209
16,2023122301,182,Gabe Davis,BUF,LAC,I,8,IN,13:24,3,2,83.15388964524398
16,2023122301,2113,Austin Ekeler,LAC,BUF,I,5,OUT,13:36,2,2,83.20074992090969
16,2023122301,3762,Stefon Diggs,BUF,LAC,I,26,POST,03:01,2,2,83.27495699178016
16,2023122301,423,Quentin Johnston,LAC,BUF,I,32,GO,08:38,2,2,68.51184335732418
16,2023122301,700,Gabe Davis,BUF,LAC,I,24,HITCH,03:43,3,3,100
16,2023122402,1367,Kylen Granson,IND,ATL,I,14,CROSS,10:02,1,3,100
16,2023122402,175,Will Mallory,IND,ATL,C,8,SLANT,12:50,1,2,78.57472717507005
16,2023122402,3106,Drake London,ATL,IND,C,14,HITCH,01:12,1,2,74.86342101494225
16,2023122402,3318,Josh Downs,IND,ATL,I,14,CROSS,13:30,1,3,100
16,2023122402,3487,D.J. Montgomery,IND,ATL,I,13,IN,10:10,4,2,57.62923435277717
16,2023122402,3658,Alec Pierce,IND,ATL,IN,34,POST,08:03,3,2,72.94213728967073
16,2023122402,3934,D.J. Montgomery,IND,ATL,I,44,GO,04:55,4,2,83.1571825442432
16,2023122402,453,Drake London,ATL,IND,I,7,HITCH,09:01,2,2,83.3256151615512
16,2023122403,1123,D.J. Chark,CAR,GB,I,10,IN,14:08,2,2,74.14832865248253
16,2023122403,4065,Romeo Doubs,GB,CAR,C,33,GO,02:39,3,2,82.11557073737114
16,2023122404,1347,David Njoku,CLE,HOU,I,15,GO,11:51,1,2,81.36765213802997
16,2023122404,2313,Amari Cooper,CLE,HOU,IN,18,GO,00:05,3,2,83.33023089273894
16,2023122404,2884,Elijah Moore,CLE,HOU,I,12,POST,04:03,1,3,100
16,2023122404,3100,Amari Cooper,CLE,HOU,C,15,GO,01:37,1,2,83.30971391880276
16,2023122404,3271,David Bell,CLE,HOU,I,0,HITCH,13:46,2,2,82.41329745713398
16,2023122404,4559,Dare Ogunbowale,HOU,CLE,I,4,IN,02:01,2,2,81.51508020587599
16,2023122404,4687,Robert Woods,HOU,CLE,I,36,GO,00:53,1,2,83.26754931570656
16,2023122404,68,Amari Cooper,CLE,HOU,C,45,POST,14:53,1,2,77.12987280386953
16,2023122404,778,Amari Cooper,CLE,HOU,C,20,CORNER,04:36,1,3,96.34912444046032
16,2023122405,2211,Justin Jefferson,MIN,DET,C,26,GO,00:37,1,2,80.26971718707769
16,2023122405,2460,K.J. Osborn,MIN,DET,C,43,POST,12:51,2,2,81.45397314283764
16,2023122405,3529,Justin Jefferson,MIN,DET,IN,48,GO,10:00,3,2,76.24605243363831
16,2023122406,1198,Terry McLaurin,WAS,NYJ,I,2,CROSS,00:10,3,2,83.32560976193955
16,2023122406,1349,Kenny Yeboah,NYJ,WAS,I,5,CROSS,13:41,1,3,100
16,2023122406,1372,Garrett Wilson,NYJ,WAS,I,4,SLANT,13:37,2,2,78.76016377420562
16,2023122406,1395,Garrett Wilson,NYJ,WAS,C,4,HITCH,13:33,3,2,83.32987527364821
16,2023122406,1755,Tyler Conklin,NYJ,WAS,I,9,GO,09:17,3,2,82.03062063198456
16,2023122406,186,Garrett Wilson,NYJ,WAS,I,7,GO,13:08,3,2,83.33333321420177
16,2023122406,3147,Curtis Samuel,WAS,NYJ,IN,4,ANGLE,08:07,2,2,40.896844678966424
16,2023122406,4092,Garrett Wilson,NYJ,WAS,I,3,HITCH,08:11,2,2,83.33333333332963
16,2023122406,4609,Breece Hall,NYJ,WAS,I,25,GO,02:28,2,2,83.33333331521075
16,2023122406,948,Garrett Wilson,NYJ,WAS,I,9,SLANT,05:30,1,2,83.33333333333333
16,2023122407,1478,Tyjae Spears,TEN,SEA,C,1,OUT,07:04,2,2,83.33333333333236
16,2023122407,2032,Chig Okonkwo,TEN,SEA,C,2,FLAT,00:35,1,2,83.33333333313642
16,2023122407,2338,Colby Parkinson,SEA,TEN,I,9,CORNER,10:06,2,2,83.11156761530557
16,2023122407,3222,Treylon Burks,TEN,SEA,C,13,CROSS,09:25,2,2,83.30645351848375
16,2023122408,565,Tim Jones,JAX,TB,I,29,GO,04:14,2,2,83.05970523673022
16,2023122408,644,Mike Evans,TB,JAX,C,2,IN,03:25,2,2,83.333333329538
16,2023122408,837,Chris Godwin Jr.,TB,JAX,I,0,CROSS,13:45,2,2,82.85577467059238
16,2023122409,1148,Michael Carter,ARI,CHI,I,3,FLAT,12:49,2,2,83.27911617650679
16,2023122409,1504,Trey McBride,ARI,CHI,I,4,OUT,05:58,1,2,83.33333319526785
16,2023122409,2757,Emari Demercado,ARI,CHI,C,0,FLAT,07:26,3,4,100
16,2023122410,2236,Jake Ferguson,DAL,MIA,I,4,HITCH,12:06,3,2,82.07451130679998
16,2023122410,2691,Tyreek Hill,MIA,DAL,I,28,CORNER,04:06,1,2,82.96720023284517
16,2023122410,2744,Tyreek Hill,MIA,DAL,C,14,OUT,03:32,3,2,83.1430135349106
16,2023122410,2904,Jake Ferguson,DAL,MIA,C,7,OUT,00:42,2,2,30.2868138932115
16,2023122410,504,Tyreek Hill,MIA,DAL,I,35,GO,06:37,2,2,83.24760216750181
16,2023122411,1691,DeVante Parker,NE,DEN,I,20,GO,00:55,2,2,83.2785071091336
16,2023122411,2070,DeMario Douglas,NE,DEN,C,41,CROSS,12:44,1,2,83.33044954780465
16,2023122411,3636,Jerry Jeudy,DEN,NE,I,40,GO,04:43,1,2,83.0764569894649
16,2023122411,3669,Jerry Jeudy,DEN,NE,I,40,SCREEN,04:36,2,2,73.62170210882026
16,2023122411,3872,Ezekiel Elliott,NE,DEN,I,7,ANGLE,02:53,1,2,79.18471339122031
16,2023122500,1516,Davante Adams,LV,KC,I,16,GO,05:52,2,2,82.44014648947943
16,2023122500,1818,Rashee Rice,KC,LV,I,24,HITCH,02:55,2,2,82.66132816686212
16,2023122500,3235,Noah Gray,KC,LV,I,7,OUT,13:31,1,2,82.91468933921672
16,2023122500,4009,Noah Gray,KC,LV,I,7,CROSS,02:54,2,2,78.56541330556898
16,2023122501,1619,Darren Waller,NYG,PHI,I,6,OUT,08:27,1,2,82.4135714954213
16,2023122502,1113,Deebo Samuel Sr.,SF,BAL,C,15,WHEEL,15:00,2,2,83.3333245614814
16,2023122502,1531,George Kittle,SF,BAL,IN,2,HITCH,08:08,3,2,83.2570105608143
16,2023122502,2210,Isaiah Likely,BAL,SF,I,19,CORNER,00:28,2,2,82.37728919733306
16,2023122502,3610,Deebo Samuel Sr.,SF,BAL,I,10,SLANT,09:54,1,2,83.33332057623136
16,2023122502,4213,Brandon Aiyuk,SF,BAL,C,9,SLANT,03:10,3,2,78.36570051391388
16,2023122502,4263,Brandon Aiyuk,SF,BAL,I,14,GO,02:24,2,3,100
16,2023122502,4419,George Kittle,SF,BAL,IN,17,POST,01:09,4,2,80.586672067688
17,2023122800,1342,Garrett Wilson,NYJ,CLE,I,13,GO,12:42,2,2,83.3272058332442
17,2023122800,1555,Harrison Bryant,CLE,NYJ,C,3,HITCH,08:19,2,2,81.69943248619424
17,2023122800,1602,Elijah Moore,CLE,NYJ,I,-2,FLAT,07:06,1,2,82.78909037816808
17,2023122800,3114,David Njoku,CLE,NYJ,I,24,CORNER,02:07,1,2,63.509090387120146
17,2023122800,3958,Kareem Hunt,CLE,NYJ,I,10,OUT,08:50,1,2,81.1086966440831
17,2023122800,4495,Tyler Conklin,NYJ,CLE,C,5,OUT,01:36,3,2,81.24027125526399
17,2023123000,1303,Sam LaPorta,DET,DAL,I,12,CROSS,10:13,2,2,83.1449090635175
17,2023123000,1471,Sam LaPorta,DET,DAL,I,5,IN,06:43,2,3,100
17,2023123000,428,Peyton Hendershot,DAL,DET,C,6,OUT,08:55,1,2,81.1518232865328
17,2023123000,78,Josh Reynolds,DET,DAL,I,7,OUT,14:28,2,2,83.33104094057462
17,2023123101,1486,Durham Smythe,MIA,BAL,C,16,POST,06:08,3,2,83.0077732850717
17,2023123101,1556,Robbie Chosen,MIA,BAL,I,23,GO,04:46,3,2,79.86356154794748
17,2023123101,1855,Cedrick Wilson Jr.,MIA,BAL,IN,12,POST,02:01,1,2,77.60938689958078
17,2023123101,2126,Jeff Wilson,MIA,BAL,I,21,WHEEL,00:41,1,2,83.28021730093299
17,2023123101,3380,Rashod Bateman,BAL,MIA,C,11,CROSS,13:57,1,2,80.5672399716491
17,2023123102,3340,Jalen Reagor,NE,BUF,C,36,GO,12:21,1,2,76.7819821045862
17,2023123102,668,DeVante Parker,NE,BUF,IN,8,SLANT,08:41,1,2,83.33333333232919
17,2023123103,1319,DJ Moore,CHI,ATL,C,8,HITCH,09:47,3,3,100.00000000000004
17,2023123103,1858,Drake London,ATL,CHI,IN,10,HITCH,01:10,3,2,82.86122233073996
17,2023123103,2528,Tyler Scott,CHI,ATL,I,22,CROSS,08:23,1,2,81.00562843097453
17,2023123103,3262,Jonnu Smith,ATL,CHI,I,27,POST,13:51,2,2,79.54683007186229
17,2023123103,3285,Van Jefferson,ATL,CHI,C,4,HITCH,13:46,3,2,42.88483681670934
17,2023123103,3346,Jonnu Smith,ATL,CHI,I,11,HITCH,12:35,2,2,83.31969992829168
17,2023123104,2192,John Metchie III,HOU,TEN,I,9,CROSS,09:50,2,2,75.58958653949864
17,2023123104,80,Treylon Burks,TEN,HOU,I,48,GO,14:24,2,3,100
17,2023123105,2402,Davante Adams,LV,IND,C,4,HITCH,06:36,3,2,11.892650380161918
17,2023123105,2636,Michael Pittman,IND,LV,C,9,HITCH,03:42,4,2,83.2694757590009
17,2023123105,2672,Michael Pittman,IND,LV,I,15,GO,03:17,1,2,83.30491157188776
17,2023123105,3366,Tre Tucker,LV,IND,I,42,GO,07:04,2,3,100
17,2023123105,3961,Davante Adams,LV,IND,C,15,HITCH,02:01,1,2,77.4609937529151
17,2023123106,233,Luke Farrell,JAX,CAR,C,6,HITCH,11:11,2,2,83.26677872652559
17,2023123106,2773,Miles Sanders,CAR,JAX,C,1,FLAT,14:23,4,2,83.33333293230268
17,2023123106,2984,D.J. Chark,CAR,JAX,I,25,GO,10:07,3,2,79.47758259453043
17,2023123106,3128,D.J. Chark,CAR,JAX,I,1,FLAT,07:24,1,2,81.483672359303
17,2023123106,3151,D.J. Chark,CAR,JAX,I,39,POST,07:20,2,2,83.33325652017292
17,2023123107,1929,Darius Slayton,NYG,LA,IN,34,GO,01:14,1,2,67.70579713708891
17,2023123107,2956,Demarcus Robinson,LA,NYG,IN,17,CROSS,02:20,1,2,82.44993266846915
17,2023123107,3023,Wan'Dale Robinson,NYG,LA,C,2,CROSS,01:45,2,2,83.32940154259994
17,2023123107,3112,Saquon Barkley,NYG,LA,I,21,WHEEL,15:00,1,2,83.1124832232714
17,2023123108,1674,A.J. Brown,PHI,ARI,C,6,SLANT,01:23,3,2,71.18697948826008
17,2023123108,278,Trey McBride,ARI,PHI,C,4,OUT,10:08,2,2,82.46614093200157
17,2023123108,3900,Dallas Goedert,PHI,ARI,I,21,CORNER,00:14,1,2,82.79706070939675
17,2023123109,1086,Juwan Johnson,NO,TB,C,28,GO,10:57,3,2,79.85053257822445
17,2023123109,1970,Cade Otton,TB,NO,I,26,GO,15:00,1,2,83.28091504147747
17,2023123109,2282,Trey Palmer,TB,NO,C,10,HITCH,10:19,3,2,83.33123197958136
17,2023123109,2977,Chase Edmonds,TB,NO,C,1,ANGLE,13:00,1,2,73.01138041493422
17,2023123109,631,Cade Otton,TB,NO,I,4,IN,02:41,1,2,83.33333321572161
17,2023123110,2870,Deebo Samuel Sr.,SF,WAS,I,8,SLANT,09:34,2,2,83.33333332963453
17,2023123112,1046,Brandon Johnson,DEN,LAC,I,5,HITCH,15:00,1,2,83.32080593196412
17,2023123112,1819,Phillip Dorsett,DEN,LAC,I,5,HITCH,02:12,1,2,83.32710769038589
17,2023123112,2194,Gerald Everett,LAC,DEN,I,7,HITCH,00:37,3,2,83.33206413507173
17,2023123112,253,Lil'Jordan Humphrey,DEN,LAC,I,26,IN,11:43,2,2,82.91505890079156
17,2023123112,2867,Brandon Johnson,DEN,LAC,C,5,SLANT,05:40,2,2,83.33333333333324
17,2023123112,3574,Alex Erickson,LAC,DEN,I,-5,CROSS,11:02,1,2,65.92256684840989
17,2023123112,4132,Quentin Johnston,LAC,DEN,I,13,GO,02:16,1,2,83.2412719258947
17,2023123112,979,Phillip Dorsett,DEN,LAC,I,52,POST,00:24,2,2,70.25198801096361
17,2023123113,1170,Tanner Hudson,CIN,KC,C,5,OUT,09:31,3,2,10.019089519105346
17,2023123113,2885,Rashee Rice,KC,CIN,C,22,GO,01:30,1,2,83.199639606121
17,2023123113,3933,Tee Higgins,CIN,KC,I,40,GO,01:14,4,2,71.35884700887317
17,2023123114,107,Romeo Doubs,GB,MIN,I,15,OUT,14:14,3,2,83.28326157331244
17,2023123114,1734,Jordan Addison,MIN,GB,I,36,IN,02:00,3,2,44.88457346385808
17,2023123114,2368,Justin Jefferson,MIN,GB,C,18,POST,11:11,3,2,83.29516181660843
17,2023123114,2400,Johnny Mundt,MIN,GB,I,-1,FLAT,10:27,1,2,83.33096223161546
17,2023123114,3464,Justin Jefferson,MIN,GB,I,14,IN,05:44,2,2,77.84663061905142
17,2023123114,3710,Justin Jefferson,MIN,GB,I,10,CORNER,03:13,2,2,77.98320462376012
17,2023123114,3733,Justin Jefferson,MIN,GB,I,10,GO,03:08,3,2,83.3319602214744
17,2023123114,3756,Brandon Powell,MIN,GB,I,10,GO,03:03,4,3,100
17,2023123114,62,Jayden Reed,GB,MIN,I,45,POST,14:56,1,2,72.65982195030145
18,2024010601,1305,Dalton Schultz,HOU,IND,I,14,OUT,09:14,1,2,82.60297274842233
18,2024010601,1950,Mo Alie-Cox,IND,HOU,I,37,GO,00:54,2,2,82.43094034986814
18,2024010601,2866,Xavier Hutchinson,HOU,IND,I,21,IN,03:50,3,2,77.9038897291635
18,2024010601,474,Alec Pierce,IND,HOU,I,5,IN,09:02,1,2,83.33301712888472
18,2024010700,3770,Jamaal Williams,NO,ATL,C,-3,FLAT,07:26,2,2,82.11959708809479
18,2024010700,603,A.T. Perry,NO,ATL,C,18,GO,05:07,1,2,81.94614535970773
18,2024010700,846,Rashid Shaheed,NO,ATL,I,3,IN,02:25,2,2,81.56856057696727
18,2024010701,1280,Cedric Tillman,CLE,CIN,C,18,GO,09:19,1,2,83.14488278888655
18,2024010701,1397,Ja'Marr Chase,CIN,CLE,I,4,HITCH,06:48,1,2,44.160397157723125
18,2024010701,2533,Trenton Irwin,CIN,CLE,C,20,POST,05:03,3,2,82.97172449217628
18,2024010701,420,Ja'Marr Chase,CIN,CLE,C,8,HITCH,08:13,1,2,14.54405733401276
18,2024010701,765,Andrei Iosivas,CIN,CLE,C,12,GO,01:34,3,2,83.33311326919983
18,2024010702,1327,Kevin Rader,TEN,JAX,I,26,GO,09:27,2,2,76.59457580549639
18,2024010702,1679,DeAndre Hopkins,TEN,JAX,C,6,HITCH,05:04,2,2,83.3331057959788
18,2024010702,2102,Kyle Philips,TEN,JAX,I,30,HITCH,00:38,3,2,83.13216863764252
18,2024010702,2703,Evan Engram,JAX,TEN,I,6,HITCH,08:41,1,2,83.33333333333209
18,2024010702,2873,Chris Moore,TEN,JAX,I,2,CROSS,05:24,3,2,83.33333273542114
18,2024010703,1110,Jordan Addison,MIN,DET,I,39,GO,13:43,1,2,80.95620870125919
18,2024010703,2333,Brandon Powell,MIN,DET,I,7,IN,11:39,3,2,75.18696082733615
18,2024010703,2856,Amon-Ra St. Brown,DET,MIN,I,4,IN,03:53,3,2,83.19236684513669
18,2024010703,3132,Amon-Ra St. Brown,DET,MIN,C,31,GO,15:00,2,2,81.56802935359548
18,2024010704,2481,DeMario Douglas,NE,NYJ,I,19,HITCH,07:22,2,2,83.33327031307569
18,2024010704,2504,DeMario Douglas,NE,NYJ,I,4,OUT,07:17,3,2,83.27580788197638
18,2024010704,3009,Jalen Reagor,NE,NYJ,I,14,GO,14:06,1,2,83.32820752708908
18,2024010704,3081,Pharaoh Brown,NE,NYJ,I,15,GO,12:23,4,2,73.57684695960502
18,2024010704,3155,Xavier Gipson,NYJ,NE,C,-1,SCREEN,10:58,1,3,87.84024496161028
18,2024010704,3870,Jalen Reagor,NE,NYJ,I,12,OUT,00:31,3,2,83.33305444556679
18,2024010704,833,DeVante Parker,NE,NYJ,I,30,POST,01:31,2,2,78.91994292989779
18,2024010705,130,Trey Palmer,TB,CAR,I,13,POST,13:22,2,2,83.33313373367886
18,2024010705,1973,Rachaad White,TB,CAR,C,2,OUT,00:25,2,2,83.33333333333333
18,2024010705,2975,Mike Evans,TB,CAR,C,5,SLANT,11:47,1,2,81.61305408966828
18,2024010705,519,Mike Evans,TB,CAR,I,38,GO,05:56,3,2,81.06192574772996
18,2024010705,789,Trey Palmer,TB,CAR,I,35,GO,01:14,1,2,82.85297548165289
18,2024010705,995,Tommy Tremble,CAR,TB,C,4,HITCH,13:50,1,2,83.33333333333333
18,2024010706,1486,Malik Heath,GB,CHI,I,22,GO,00:16,1,2,83.31382541924371
18,2024010706,2375,Robert Tonyan,CHI,GB,I,17,SCREEN,13:57,1,2,81.31125309129924
18,2024010706,2420,Cole Kmet,CHI,GB,I,17,OUT,13:13,3,2,83.32554456303458
18,2024010706,2586,Bo Melton,GB,CHI,I,7,POST,11:02,3,2,83.29591178417189
18,2024010707,3236,CeeDee Lamb,DAL,WAS,C,5,HITCH,12:20,1,2,83.32924471310605
18,2024010707,800,Jahan Dotson,WAS,DAL,I,20,GO,02:47,2,2,79.62254262309864
18,2024010708,1179,Zamir White,LV,DEN,I,-1,OUT,07:53,1,2,79.77725969765824
18,2024010708,2499,Austin Hooper,LV,DEN,I,10,CROSS,09:55,1,2,80.44734100419568
18,2024010708,2996,Jakobi Meyers,LV,DEN,C,26,GO,15:00,1,2,77.96232793754231
18,2024010709,1418,Justyn Ross,KC,LAC,I,28,OUT,07:49,1,2,83.10200413548635
18,2024010709,1970,Noah Gray,KC,LAC,I,4,OUT,01:40,2,2,83.05545339773937
18,2024010709,2156,Alex Erickson,LAC,KC,C,4,SLANT,00:40,1,2,83.33333331732969
18,2024010709,2255,Keelan Doss,LAC,KC,I,22,GO,00:08,1,2,83.15879043147541
18,2024010709,3598,Quentin Johnston,LAC,KC,I,27,GO,09:29,1,2,83.33279186374092
18,2024010709,507,Josh Palmer,LAC,KC,C,4,IN,06:55,3,2,80.51396950819677
18,2024010709,726,Quentin Johnston,LAC,KC,I,20,GO,03:13,3,2,82.82707392134046
18,2024010710,1319,Ronnie Bell,SF,LA,I,17,IN,05:02,1,2,83.29464106800025
18,2024010710,1532,Puka Nacua,LA,SF,I,8,GO,02:03,2,2,83.250069952856
18,2024010710,1596,Brycen Hopkins,LA,SF,I,19,OUT,01:53,3,2,83.2347736037411
18,2024010710,2387,Brycen Hopkins,LA,SF,C,27,GO,06:55,3,2,82.50347495807544
18,2024010710,3357,Ray-Ray McCloud,SF,LA,I,35,HITCH,04:56,1,2,83.00935657208245
18,2024010710,841,Ronnie Bell,SF,LA,I,11,CROSS,14:09,1,2,80.77522220133719
18,2024010710,908,Brandon Aiyuk,SF,LA,C,9,IN,12:47,1,2,83.32123238842253
18,2024010711,1191,Wan'Dale Robinson,NYG,PHI,C,3,HITCH,12:06,2,2,83.33043451522148
18,2024010711,124,Jalin Hyatt,NYG,PHI,I,49,GO,13:21,3,2,83.18961548774722
18,2024010711,1919,Julio Jones,PHI,NYG,IN,37,GO,01:34,3,3,100.00000000000004
18,2024010711,2852,Boston Scott,PHI,NYG,I,26,FLAT,04:21,2,2,83.29476178877138
18,2024010711,606,Kenneth Gainwell,PHI,NYG,I,3,FLAT,05:51,1,2,83.20472157475493
18,2024010712,1589,Michael Carter,ARI,SEA,I,6,OUT,02:23,2,2,83.28420855285204
18,2024010712,185,Trey McBride,ARI,SEA,I,27,CROSS,11:20,1,3,100
18,2024010712,471,Will Dissly,SEA,ARI,C,12,FLAT,07:18,1,2,83.33098651897195
18,2024010713,158,Tyreek Hill,MIA,BUF,IN,40,GO,12:49,3,2,74.45780831085852
18,2024010713,2774,Trent Sherfield,BUF,MIA,I,21,IN,00:22,2,2,80.03869333218732
18,2024010713,3490,Chase Claypool,MIA,BUF,C,3,HITCH,07:11,2,2,83.21070656085237
